Product Name,Brand Name,Category,Price,Size,Image URL,Lidl URL,Description
10 panzerottini mozzarella cheese and tomato,3 Leaves / Alibaba,Spices & Seasonings,€1.99,Per Item,https://imgproxy-retcat.assets.schwarz/xjuuPt_XvOl9AHIz2HN_FvTTKMnV8lB498Np31IhP5Q/sm:1/w:1278/h:959/cz/M6Ly9wcm9kLWNhd/GFsb2ctbWVkaWEvbXQvMS9BRDM1MjgzMUIzMUQyQ0NDOEVFNTYxRDE/3MzZCQkU3MUQ3MjE2RDMyNzE0N0VGODYyOEQyMkI0ODA1QjNERTMwLmpwZw.jpg,https://www.lidl.com.mt/p/10-panzerottini-mozzarella-cheese-and-tomato/p10034915,"Ingredients: wheat flour, mozzarella cheese 23,5% ( milk , salt, lactic ferments (contain milk ), rennet, anti-caking agent: potato starch), tomato puree 16,8%, water, lard, sunflower oil, salt, potato flakes (potatoes, emulsifier: mono- and diglycerides of fatty acids), grated cheese ( milk , salt, rennet), brewer's yeast, emulsifier: mono- and diglycerides of fatty acids; sugar, semi-finished activator for bread and leavened products ( wheat flour, emulsifier: soy lecithins; dextrose, malted wheat flour, emulsifier: mono- and diglycerides of fatty acids), pregelatinized corn starch, origan, basil, pepper. May contain traces of: eggs, nuts, peanuts, sesame seeds, celery, mustard, lupins, sulphites."
12 puff pastry with sausage,MDH / Eastern,Spices & Seasonings,€1.99,Per Item,https://imgproxy-retcat.assets.schwarz/Ii1ad6P2ogkff4hiDi7k-zNGquSqZU82V22Bsr1bgt8/sm:1/w:1278/h:959/cz/M6Ly9wcm9kLWNhd/GFsb2ctbWVkaWEvbXQvMS81MDQ3NzJBNUFBMTU2MTI2QUFCMzQ3M0E/5Q0MxOUYzOUJDQzAxRDZGODA4NDkzOUE1NjEwRjgxOTcwNjMzRTFGLmpwZw.jpg,https://www.lidl.com.mt/p/12-puff-pastry-with-sausage/p10034921,"Ingredients: 65% puff pastry (soft wheat flour type 0, vegetable margarine (palm fat, sunflower seed oil, water, salt, emulsifier: mono- and diglycerides of fatty acids; lemon juice concentrate, natural flavouring), water, salt, barley malt extract, milk protein, milk skimmed powder, maize maltodextrin, anti-caking agent sodium carbonates), filling (39%* smoked frankfurter (pork, pork fat, water, potato starch, salt, potato vegetable fibre, sugar, spices (pepper, parsnip), antioxidant: rosemary extracts; spice extracts), water, cheese (milk, salt, milk enzymes, microbial rennet), mustard (water, mustard seeds, spirit vinegar, salt, spices, natural flavours), egg, potato flakes (dehydrated potatoes, emulsifier: mono- and diglycerides of fatty acids), salt. *Referred to the finished product. May contain traces of: peanuts, soy, nuts, celery, sesame seeds, sulphites, lupins."
4 Party Donut,Alibaba / Daawat,Spices & Seasonings,€1.99,Per Item,https://www.lidl.com.mt/assets/gcp0da3da84ff324d53bd821697f5128975.png,https://www.lidl.com.mt/p/4-party-donut/p66000005,"Ingredients: flour ( wheat ; rice); vegetable oils and fats (palm; rapeseed; coconut; shea); water; sugar; 1,8% yeast; dextrose; sweet whey powder ( milk ); skimmed milk powder; lactose ( milk ); soy flour; salt; starch; emulsifiers (mono-and diglycerides of fatty acids; sodium stearoyl-2-lactylate*; lecithins*); raising agents (diphosphates; sodium carbonates); natural flavour; glazing agents (shellac; gum arabic); colours (betanin; curcumin; paprika extract). *plant-based. May contain traces of: eggs , nuts ."
4 Rainbow Donuts,3 Leaves / Alibaba,Spices & Seasonings,€1.99,Per Item,https://www.lidl.com.mt/assets/gcpbe099c16186f4fa4823e4920eae9fa79.png,https://www.lidl.com.mt/p/4-rainbow-donuts/p66000138,"Pink Marshmallow Donut Leavened and fried bakery product with 18% pink glaze and with 6,7% decoration with pink and white marshmallows. Defrosted. Ingredients: wheat flour, vegetable fats (palm, palm kernel, coconut), water , sugar, glucose-fructose syrup, whey powder, sunflower oil, dextrose, yeast, lactose , soy flour, starch, raising agent: diphosphates, sodium carbonates; salt, emulsifier: lecithins, mono- and diglycerides of fatty acids, sodium stearoyl-2-lactylate; edible beef gelatin, colour: carotenes, betanin; skimmed milk powder, natural flavourings, flour treatment agent: ascorbic acid. May contain traces of nuts , other cereals containing gluten, egg and mustard . Purple White Donut Leavened and fried bakery product with 15% purple glaze and 7% decoration with white chocolate. Defrosted. Ingredients: wheat flour, vegetable fats (palm, palm kernel, coconut), water, sugar, whey powder, sunflower oil, dextrose, yeast, cocoa butter*, lactose , whole milk powder, soy flour, starch, raising agent: diphosphates, sodium carbonates; salt, emulsifier: lecithins (contain soy ), mono- and diglycerides of fatty acids, sodium stearoyl-2-lactylate; skimmed milk powder, beetroot concentrate, colour: carotenes, vegetable carbon; flour treatment agent: ascorbic acid; natural flavourings. *Rainforest Alliance Certified. Find out more at ra.org. May contain traces of nuts , other cereals containing gluten, egg and mustard. Red Cookies Donut Leavened and fried bakery product with 15% red glaze and 11% decoration with cocoa cookie pieces. Defrosted. Ingredients: wheat flour, vegetable fats (palm, palm kernel, coconut), water, 11% cocoa cookies [ wheat flour, sugar, palm oil, skimmed cocoa powder preparation (skimmed cocoa powder*, acidity regulator: sodium carbonates, potassium carbonates), glucose syrup, salt, raising agent: sodium carbonates; natural flavourings], sugar, whey powder, sunflower oil, dextrose, yeast, lactose , soy flour, starch, raising agent: diphosphates, sodium carbonates; salt, emulsifier: lecithins, mono- and diglycerides of fatty acids, sodium stearoyl-2-lactylate; beetroot concentrate, colour: carotenes, paprika extract; skimmed milk powder, flour treatment agent: ascorbic acid; natural flavourings. *Rainforest Alliance Certified. Find out more at ra.org. May contain traces of nuts , other cereals containing gluten, egg and mustard . Yellow Donut Leavened and fried bakery product with 16% yellow glaze and 5,3% decoration with yellow, green, red, pink, and orange sugar granules. Defrosted. Ingredients: wheat flour, vegetable fats (palm, palm kernel, coconut), water, sugar, whey powder, sunflower oil, dextrose, yeast, lactose , soy flour, starch, raising agent: diphosphates, sodium carbonates; salt, emulsifier: lecithins, mono- and diglycerides of fatty acids, sodium stearoyl-2-lactylate; glucose syrup, acidity regulator: citric acid; colour: carotenes, copper complexes of chlorophylls and chlorophyllins; natural flavourings, skimmed milk powder, flour treatment agent: ascorbic acid; elderberry extract, glazing agent: beeswax, white and yellow. May contain traces of nuts , other cereals containing gluten, egg and mustard . To consume within 24 hours after thawing Contains RSPO certified palm oil (SG), 4-0320-13-000-00"
6 mini pizzas,Alibaba / Italiamo,Spices & Seasonings,€1.99,Per Item,https://imgproxy-retcat.assets.schwarz/3K8DaiGsaY18Zn8I-7fWizF3LD6gay875dUciuBEr-w/sm:1/w:1278/h:959/cz/M6Ly9wcm9kLWNhd/GFsb2ctbWVkaWEvbXQvMS9BOTFDNjA4RTkwN0MyMkFEREIxOURCRjA/zNzlDRDE4QUQ5NzE2RDYzM0NDRjIwMThDMTZFRTMyNzNGMDA0RDZFLmpwZw.jpg,https://www.lidl.com.mt/p/6-mini-pizzas/p10044705,"Ingredients: wheat flour, water, 18% semi-concentrated tomato, 14% mozzarella ( milk , salt, lactic ferments, rennet, acidity regulator: citric acid), sunflower seed oil, potato flakes (dehydrated potatoes, emulsifier: mono- and diglycerides of fatty acids), yeast, salt, natural yeast powder of wheat flour, malted wheat flour, barley malt extract, extra virgin olive oil, sugar, skimmed milk powder, oregano. May contain traces of: eggs, peanuts, soy, nuts, celery, mustard, sesame seeds, sulphites, lupins."
9 Heart-shaped puff pastry pizza,3 Leaves / Alibaba,Spices & Seasonings,€1.99,Per Item,https://www.lidl.com.mt/assets/gcpde1a1f87a2154ad1a9816111283da39b.png,https://www.lidl.com.mt/p/9-heart-shaped-puff-pastry-pizza/p66000009,"Ingredients: Puff pastry (77%): wheat flour, vegetable margarine (palm fats, sunflower oil, water, salt, emulsifiers: mono- and diglycerides of fatty acids; concentrated lemon juice, natural flavours), water, salt, barley malt extract, skimmed milk powder, sugar. Filling: semi-concentrated tomato (20% on the finished product), mozzarella (3% on the finished product) ( milk , salt, microbial rennet, acidity regulator: citric acid), ricotta (whey milk , whey cream milk , salt), water, sugar, salt, sunflower oil, corn starch and vegetable fibers (bamboo and psyllium), onion powder, spices, aromatic plants, vegetable protein extract (corn, sunflower), garlic powder, corn starch. May contain traces of: soy, eggs, nuts, peanuts, sesame seeds, sulphites, lupins, celery, mustard ."
Apple Puff Pastry,Lidl Quality Selection,Spices & Seasonings,€1.99,Per Item,https://www.lidl.com.mt/assets/gcp5da4fafa5191435da87d5e1a7dc798aa.png,https://www.lidl.com.mt/p/apple-puff-pastry/p66000074,"Ingredients: wheat flour, 28% apple, vegetable oils and fats (palm, rapeseed), water, sugar, modified starch, cinnamon, salt, acidity regulator: citric acid; emulsifier: mono- and diglycerides of fatty acids; pea protein, natural apple flavouring, flour treatment agent: ascorbic acid. May contain traces of: eggs, peanuts, soy, milk, nuts, celery, mustard, sesame seeds, sulphites, lupins."
Apple puff pastry,Lidl Quality Selection,Spices & Seasonings,€1.99,Per Item,https://imgproxy-retcat.assets.schwarz/TOEbJzIvlxzT0V4D3u1WJLREug7K5Sv-kzWufzRYaow/sm:1/w:1278/h:959/cz/M6Ly9wcm9kLWNhd/GFsb2ctbWVkaWEvbXQvMS80MEIxQkFDNUI3QTU0MEJCMEFENjA3NkN/CQjM0RDI4NTNDM0E4NDYxQTBCNjFEODEyMUVBRTZDNEUzRTY2NzYwLmpwZw.jpg,https://www.lidl.com.mt/p/apple-puff-pastry/p10034895,"Ingredients: wheat flour, 28% apple, vegetable oils and fats (palm, rapeseed), water, sugar, modified starch, cinnamon, salt, acidity regulator: citric acid; emulsifier: mono- and diglycerides of fatty acids; pea protein, natural apple flavouring, flour treatment agent: ascorbic acid. May contain traces of: eggs, peanuts, soy, milk, nuts, celery, mustard, sesame seeds, sulphites, lupins."
Börek,3 Leaves / Alibaba,Spices & Seasonings,€1.99,Per Item,https://www.lidl.com.mt/assets/gcp50f281944a9f40cb9886c592b1ec3ecb.png,https://www.lidl.com.mt/p/borek/p66000196,"Ingredients : 65% Dough: wheat flour, water, vegetable oils (palm oil, cottonseed oil and sunflower oil in varying proportions), maize starch, salt, sugar. 35% Filling: 48%* spinach, 17%* Mizithra cheese (whey from cow milk , sheep and goat [milk], salt), onion, leek, wheat semolina, 4,5%* feta cheese P.D.O. (sheep and goat milk , salt, microbial rennet, lactic acid bacteria), modified potato starch, salt, dill, black pepper. *The percentages refer to the filling. May contain traces of: soy, eggs, nuts, peanuts, sesame seeds, sulphites, lupins, celery, mustard ."
Chocolate Brioche Croissant,Bono / 7 Days,Spices & Seasonings,€1.99,Per Item,https://www.lidl.com.mt/assets/gcpfaa3556b751a46ea98503e7aabea6e83.png,https://www.lidl.com.mt/p/chocolate-brioche-croissant/p66000070,"Ingredients: wheat flour, 18% cocoa cream filling (sugar, vegetable oils (rapeseed, palm), 2,1%* fat-reduced cocoa powder**, 0,4%* hazelnut paste, emulsifier: E 322; palm fat, natural flavouring), water, sugar, margarine (palm fat, vegetable oil (sunflower, rapeseed in varying proportions), water, salt, emulsifier: E 471; acid: E 330; preservative: E 200; antioxidants: E 304, E 306; flavouring, colour: E 160a), yeast, vegetable oils (sunflower, rapeseed), vegetable fats (palm kernel, palm), salt, emulsifiers: E 322, E 471, E 472e, E 476, E 481, E492; whey powder, glucose-fructose syrup, wheat starch, dextrose, wheat gluten, 0,2% fat reduced cocoa powder**, flour treatment agent: E 300; turmeric, natural flavouring, colour: E161b; flavourings (contain milk ), pea proteins, gelling agent: E 440; preservative: E 202; acidity regulator: E 330; maltodextrin, concentrated apple juice. *related to the final product. **Rainforest Alliance Certified. Find out more at ra.org. May contain traces of: egg, peanuts, soy , other nuts, celery, mustard, sesame seeds, sulphites, lupins."
Crispbread,Lidl Quality Selection,Spices & Seasonings,€1.79,160g pack,https://www.lidl.com.mt/assets/gcp60513b98cc954f799448edb515ca40f6.png,https://www.lidl.com.mt/p/sol-mar-crispbread/p11040789,Garlic and parsley or with tomato and oregano
Focaccia with Tomatoes and Olives,Alibaba / Italiamo,Spices & Seasonings,€1.99,Per Item,https://www.lidl.com.mt/assets/gcpc40ebd6954af473d8e8abba7cf6cae0d.jpg,https://www.lidl.com.mt/p/focaccia-with-tomatoes-and-olives/p66000050,"Ingredients: durum wheat semolina, water, 31% cherry tomato, 5% olives, mother yeast (durum wheat flour, water), extra virgin olive oil, sunflower seed oil, salt, yeast, oregano. May contain stones or fragments resulting from the pitting of olives. May contain traces of: eggs, peanuts, soy, milk, nuts, celery, mustard, sesame seeds, sulphites, lupins."
Focaccia with tomatoes and olives,Alibaba / Italiamo,Spices & Seasonings,€1.99,Per Item,https://imgproxy-retcat.assets.schwarz/ue5AvuyLUjqCB5cUtdt4L7zgl7om33_t2qQbVvYA8ps/sm:1/w:1278/h:959/cz/M6Ly9wcm9kLWNhd/GFsb2ctbWVkaWEvbXQvMS9DNzQwOTE1RjRGMEY5RUNGQTczOEM1QTZ/CRTlDNDRENzc5MjU5MzBGOTVCNUY3RkYxOUE2RDc0NkUxNzEwNzE5LmpwZw.jpg,https://www.lidl.com.mt/p/focaccia-with-tomatoes-and-olives/p10050032,"Ingredients: durum wheat semolina, water, 31% cherry tomato, 5% olives, mother yeast (durum wheat flour, water), extra virgin olive oil, sunflower seed oil, salt, yeast, oregano. May contain stones or fragments resulting from the pitting of olives. May contain traces of: eggs, peanuts, soy, milk, nuts, celery, mustard, sesame seeds, sulphites, lupins ."
Garlic Cloves,Lidl Quality Selection,Spices & Seasonings,€2.29,180g (drained) jar,https://www.lidl.com.mt/assets/gcp63eaee4eefc94e79a87ff66f81f50928.png,https://www.lidl.com.mt/p/sol-mar-garlic-cloves/p11041429,
Green Olives Manzanilla,Lidl Quality Selection,Spices & Seasonings,€1.79,170g (drained) can,https://www.lidl.com.mt/assets/gcp81f93862532b4c61bccc445b3796d6d9.png,https://www.lidl.com.mt/p/sol-mar-green-olives-manzanilla/p11028385,Stuffed with red pepper paste or anchovy paste
Grilled Side Dish,Lidl Quality Selection,Spices & Seasonings,€3.98,1 piece,https://www.lidl.com.mt/assets/gcpb1e9faca6abc46639ea1170dca7b5a2f.png,https://www.lidl.com.mt/p/italiamo-grilled-side-dish/p11139908,"With peppers, aubergines and courgettes 1 piece not in promo = € 1.99"
Margherita Mini Pizza,Alibaba / Italiamo,Spices & Seasonings,€1.99,Per Item,https://www.lidl.com.mt/assets/gcp7cd4fc4de82a45a7be680d71506d2055.png,https://www.lidl.com.mt/p/margherita-mini-pizza/p66000043,"Ingredients: wheat flour, water, 18% semi-concentrated tomato, 14% mozzarella (milk, salt, lactic ferments, rennet, acidity regulator: citric acid), sunflower seed oil, potato flakes (dehydrated potatoes, emulsifier: mono- and diglycerides of fatty acids), yeast, salt, natural yeast powder of wheat flour, malted wheat flour, barley malt extract, extra virgin olive oil, sugar, skimmed milk powder, oregano. May contain traces of: eggs, peanuts, soy, nuts, celery, mustard, sesame seeds, sulphites, lupins."
Original,Lidl Quality Selection,Spices & Seasonings,€9.09,6x 1.5L pack,https://www.lidl.com.mt/assets/gcp8ac9cc526d154b20b5282f1a1e48f064.png,https://www.lidl.com.mt/p/original/p11149830,Infused with aromatic herbs and bitter oranges
Panzerottini with Tomato and Mozzarella,3 Leaves / Alibaba,Spices & Seasonings,€1.99,Per Item,https://www.lidl.com.mt/assets/gcp4286b952b1564849a0c378135781b846.jpg,https://www.lidl.com.mt/p/panzerottini-with-tomato-and-mozzarella/p66000011,"Ingredients : wheat flour, mozzarella cheese 23,5% ( milk , salt, lactic ferments (contain milk ), rennet, anti-caking agent: potato starch), tomato puree 16,8%, water, lard, sunflower oil, salt, potato flakes (potatoes, emulsifier: mono- and diglycerides of fatty acids), grated cheese ( milk , salt, rennet), brewer's yeast, emulsifier: mono- and diglycerides of fatty acids; sugar, semi-finished activator for bread and leavened products ( wheat flour, emulsifier: soy lecithins; dextrose, malted wheat flour, emulsifier: mono- and diglycerides of fatty acids), pregelatinized corn starch, origan, basil, pepper. May contain traces of: eggs, nuts, peanuts, sesame seeds, celery, mustard, lupins, sulphites ."
Pepperoni Stonebaked Thin,Biraghi / Benna,Spices & Seasonings,€3.99,332g pack,https://www.lidl.com.mt/assets/gcpb611d5f8b174410c9822ee9efc15d85f.png,https://www.lidl.com.mt/p/pepperoni-stonebaked-thin/p11149918,"With tomato sauce, mozzarella cheese and smoked pepperoni"
Pickled Green Chillies,Periyar / Double Horse,Spices & Seasonings,€2.69,130g (drained) jar,https://www.lidl.com.mt/assets/gcp1003387ee34048b98bcfc364e24ee739.png,https://www.lidl.com.mt/p/sol-mar-pickled-green-chillies/p11137959,
Piri-Piri Chilli Hot Sauce,Lidl Quality Selection,Spices & Seasonings,€0.99,195ml bottle,https://www.lidl.com.mt/assets/gcpd3b18200442f454fbfe328b56990cd56.png,https://www.lidl.com.mt/p/sol-mar-piri-piri-chilli-hot-sauce/p11039774,
Pizza with Spicy Salami,Alibaba / Italiamo,Spices & Seasonings,€1.99,Per Item,https://www.lidl.com.mt/assets/gcp42ca456653eb413ab63e6e1a02699ea9.png,https://www.lidl.com.mt/p/pizza-with-spicy-salami/p66000049,"Ingredients: wheat flour, water, 8.8% spicy salami (pork meat, beef meat, salt, dextrose, flavourings, spices (white pepper and chilli), smoke flavouring, antioxidant: sodium ascorbate; preservative: sodium nitrite), mozzarella (milk, salt, rennet, lactic ferments), tomato sauce (tomato puree, fine tomato pulp, water, extra virgin olive oil, salt, oregano, sugar), extra virgin olive oil, salt, malted wheat flour, yeast. May contain traces of: eggs, peanuts, soy, nuts, celery, mustard, sesame seeds, sulphites, lupins."
Pizzetta with spicy salami,Alibaba / Italiamo,Spices & Seasonings,€1.99,Per Item,https://imgproxy-retcat.assets.schwarz/th1L50N8XcVsRrh3pmhI_m8CBzxfUOmsacGeatsRCvU/sm:1/w:1278/h:959/cz/M6Ly9wcm9kLWNhd/GFsb2ctbWVkaWEvbXQvMS83MERENTNENEY2Q0MxRjQ3MzA5QTk5M0M/1QkM3Nzc2QUU0OUVGNzAxNEM4RjU5OTk0QjBFQUM1RDc0MzBBM0MxLmpwZw.jpg,https://www.lidl.com.mt/p/pizzetta-with-spicy-salami/p10050030,"Ingredients: wheat flour, water, 8.8% spicy salami (pork meat, beef meat, salt, dextrose, flavourings, spices (white pepper and chilli), smoke flavouring, antioxidant: sodium ascorbate; preservative: sodium nitrite), mozzarella ( milk , salt, rennet, lactic ferments), tomato sauce (tomato puree, fine tomato pulp, water, extra virgin olive oil, salt, oregano, sugar), extra virgin olive oil, salt, malted wheat flour, yeast. May contain traces of: eggs, peanuts, soy, nuts, celery, mustard, sesame seeds, sulphites, lupins ."
Puff Pastry with Sausage,MDH / Eastern,Spices & Seasonings,€1.99,Per Item,https://www.lidl.com.mt/assets/gcp5768732d0af740ce8687c173361bc115.png,https://www.lidl.com.mt/p/puff-pastry-with-sausage/p66000012,"Ingredients: 65% puff pastry (soft wheat flour type 0, vegetable margarine (palm fat, sunflower seed oil, water, salt, emulsifier: mono- and diglycerides of fatty acids; lemon juice concentrate, natural flavouring), water, salt, barley malt extract, milk protein, milk skimmed powder, maize maltodextrin, anti-caking agent sodium carbonates), filling (39%* smoked frankfurter (pork, pork fat, water, potato starch, salt, potato vegetable fibre, sugar, spices (pepper, parsnip), antioxidant: rosemary extracts; spice extracts), water, cheese ( milk , salt, milk enzymes, microbial rennet), mustard (water, mustard seeds, spirit vinegar, salt, spices, natural flavours), egg , potato flakes (dehydrated potatoes, emulsifier: mono- and diglycerides of fatty acids), salt. *Referred to the finished product. May contain traces of: peanuts, soy, nuts, celery, sesame seeds, sulphites, lupins ."
Puff pastry tomato and mozzarella,3 Leaves / Alibaba,Spices & Seasonings,€1.99,Per Item,https://imgproxy-retcat.assets.schwarz/WYKGiEFBLTQqnLA-NnizOWkUvZ5JRzFDqjqeNPUwJw8/sm:1/w:1278/h:959/cz/M6Ly9wcm9kLWNhd/GFsb2ctbWVkaWEvbXQvMS8xRDU2RjBBREYxRjlEQTBCQkYxRERGREF/GRUY3NzRGNEZGOTlFQTY4QUE0ODg1MUFEQzk4MjExRjlBMTZENjc4LmpwZw.jpg,https://www.lidl.com.mt/p/puff-pastry-tomato-and-mozzarella/p10034929,"Ingredients: Puff pastry (56%): wheat flour, vegetable margarine (palm fats, sunflower oils, water, salt, emulsifier: mono- and diglycerides of fatty acids; concentrated lemon juice, natural flavors), water, salt, barley malt extract, skimmed milk powder, sugar. Filling: semi-concentrated tomato (35% on the finished product), mozzarella (11% on the finished product) ( milk , salt, lactic ferments, rennet, acidity regulator: citric acid), breadcrumbs ( wheat flour, brewer’s yeast, salt), sunflower oil, sugar, salt, onion powder, spices, aromatic plants, vegetable protein extract (corn, sunflower), garlic powder, corn starch. May contain traces of: eggs, soy, mustard, nuts, peanuts, sesame seeds, sulphites, lupins, celery."
Sausage Croissant,Bono / 7 Days,Spices & Seasonings,€1.99,Per Item,https://www.lidl.com.mt/assets/gcp74322f5add2947248748d65937982b8f.png,https://www.lidl.com.mt/p/sausage-croissant/p66000037,"Ingredients: wheat flour, 32% smoked turkey Wiener (77%* turkey meat, water, nitrite salting (salt, preservative: sodium nitrite), spices, stabiliser: sodium citrates; sugar, seasoning (hydrolysed vegetable protein, yeast), antioxidants: ascorbic acid, extracts of rosemary ; acid: citric acid; spice extract), margarine (palm fat, water, rapeseed oil, emulsifier: mono- and diglycerides of fatty acids**; acid: citric acid), water, yeast, sesame seeds, sugar, salt, malted wheat flour, skimmed milk powder, barley malt extract, wheat starch, whey] powder, wheat gluten. *correspond to 24% referred to the final product. **of vegetable origin. May contain traces of: eggs, peanuts, soy, nuts, celery, mustard, sulphites, lupin s. Despite the careful production technology it is not possible to exclude the possible presence of bone fragments or cartilage in the sausage."
Sausage Croissant,Bono / 7 Days,Spices & Seasonings,€1.99,Per Item,https://imgproxy-retcat.assets.schwarz/nas4sGdPaMgaw3RTRFG_m5o1oegz9060J8I7oqD6cwE/sm:1/w:1278/h:959/cz/M6Ly9wcm9kLWNhd/GFsb2ctbWVkaWEvaW50LzhEMTNDQTg4MDVBODUxMzg0Nzg2MzExRj/hGMDY1RjRFQjVCRjNEM0Y3NzA1QjE3MEM5OEI1QjMwQUQ1QTE4NEUucG5n.png,https://www.lidl.com.mt/p/sausage-croissant/p10034869,"Ingredients: smoked turkey sausage (26% turkey meat, water, salt, glucose syrup, turkey fat, spices, spice extracts, acidity regulator: sodium citrates; stabiliser: diphosphates; antioxidants: sodium ascorbate, rosemary extract; preservative: sodium nitrite, wheat flour, margarine (vegetable fat (palm), vegetable oils (soy, sunflower), water, emulsifier: mono- and diglycerides of fatty acids; acid: citric acid; colour: carotenes), water, sesame seeds, egg* , sugar, dextrose, yeast, wheat gluten, salt, thickener: sodium carboxy methyl cellulose; wheat fiber, flour treatment agent: ascorbic acid. *Free-range eggs. May contain traces of: peanuts, soy, milk, nuts, celery, mustard, sulphites, lupins."
Soft Cheese Spread,Lidl Quality Selection,Spices & Seasonings,€3.98,3x 200g,https://www.lidl.com.mt/assets/gcp97638ae1933e4597a4494616ca36f197.png,https://www.lidl.com.mt/p/milbona-soft-cheese-spread/p11008324,"Classic, with herbs, light or with red pepper and hot chili 1 piece not in promo = € 1.99"
Traditional Gazpacho,Lidl Quality Selection,Spices & Seasonings,€2.69,1l pack,https://www.lidl.com.mt/assets/gcp97638ae1933e4597a4494616ca36f197.png,https://www.lidl.com.mt/p/sol-mar-traditional-gazpacho/p11137360,"Cold preparation based on tomato, peppers, cucumbers, onion and garlic"
10 Panzerottini mozzarella cheese and ham,3 Leaves / Alibaba,Flour & Grains,€1.99,Per Item,https://www.lidl.com.mt/assets/gcp7dfc07e5bc954e1189facd57f70cc480.png,https://www.lidl.com.mt/p/10-panzerottini-mozzarella-cheese-and-ham/p66000195,"Ingredients : wheat flour, water, mozzarella cheese 17,1% ( milk , salt, lactic ferments (contain milk ), rennet, anti-caking agent: potato starch), ham 13,3% (pork meat, salt, dextrose, flavors, natural flavors, antioxidant: sodium ascorbate; preservative: sodium nitrite), lard, sunflower oil, salt, potato flakes (potatoes, emulsifier: mono- and diglycerides of fatty acids), brewer's yeast, emulsifier: mono- and diglycerides of fatty acids; pregelatinized corn starch, semi-finished activator for bread and leavened products ( wheat flour, emulsifier: soy lecithins; dextrose, malted wheat flour, emulsifier: mono- and diglycerides of fatty acids), sugar. May contain traces of: eggs, nuts, peanuts, sesame seeds, celery, mustard, lupins, sulphites ."
12 puff pastry with spinach,3 Leaves / Alibaba,Flour & Grains,€1.99,Per Item,https://imgproxy-retcat.assets.schwarz/5wvQVqklfnkAPl1qELqi2NKO5BbIAT8FDDQ_SHHPgvg/sm:1/w:1278/h:959/cz/M6Ly9wcm9kLWNhd/GFsb2ctbWVkaWEvbXQvMS9DOUU1RThCRUZGOUJENUI1NEJBQUZGRjQ/2MzIwNEIzMTNDRDVDNjQ4MEJEQjA5NDUzOENCNUM2NTdBQjczMTlBLmpwZw.jpg,https://www.lidl.com.mt/p/12-puff-pastry-with-spinach/p10034923,"Ingredients: 67% puff pastry (soft wheat flour type 0, vegetable margarine (palm fat, sunflower oil, water, salt, emulsifier: mono- and diglycerides of fatty acids; concentrated lemon juice, natural flavours), water, salt, barley malt extract, milk protein, milk skimmed powder, maize maltodextrin, anti-caking agent: sodium carbonates); filling (30%* spinach, water, egg, maize starch and vegetable fibres (bamboo, psyllium), salt, sunflower oil). *Referred to the finished product. May contain traces of: peanuts, soy, nuts, celery, mustard, sesame seeds, sulphites, lupin."
4 Sugar donuts,Lidl Quality Selection,Flour & Grains,€1.99,Per Item,https://imgproxy-retcat.assets.schwarz/Y_gCJUf6ka5sls74Bs2yW8RLzxoMqMeimCDli8HxGwE/sm:1/w:1278/h:959/cz/M6Ly9wcm9kLWNhd/GFsb2ctbWVkaWEvbXQvMS84RUUyNjM2NkNDMjFDQzlCOEZBRDY1OEU/zMEYyNEJDNjEyOUJEN0Q3MDQ1MDNBMjkyMTQ2QUUyQzA4QjNBMzVBLmpwZw.jpg,https://www.lidl.com.mt/p/4-sugar-donuts/p10034887,"Ingredients: wheat flour, vegetable oils and fats (palm, rapeseed), water, sugar, yeast, dextrose, soy flour, salt, wheat gluten, raising agents: E450i, E500ii; skimmed milk powder, sweet whey powder ( milk ), emulsifiers: E471, E481; natural flavouring. May contain traces of: eggs and nuts (almonds, pecan nuts, hazelnuts)."
4 Sugared Donuts,Lidl Quality Selection,Flour & Grains,€1.99,Per Item,https://www.lidl.com.mt/assets/gcp20feb0ee517a4815ad5cb9f8e7167749.png,https://www.lidl.com.mt/p/4-sugared-donuts/p66000068,"Ingredients: wheat flour, vegetable oils and fats (palm, rapeseed), water, sugar, yeast, dextrose, soy flour, salt, wheat gluten, raising agents: E450i, E500ii; skimmed milk powder, sweet whey powder ( milk ), emulsifiers: E471, E481; natural flavouring. May contain traces of: eggs and nuts (almonds, pecan nuts, hazelnuts) ."
9 mini hazelnut croissants,Bono / 7 Days,Flour & Grains,€1.99,Per Item,https://imgproxy-retcat.assets.schwarz/Sh8TjxLeCMXE9DYZ4souksqS7AC8SBsawpGe207D-3A/sm:1/w:1278/h:959/cz/M6Ly9wcm9kLWNhd/GFsb2ctbWVkaWEvbXQvMS8wODU5NkI1OUU0M0EwQTg3OEJCMzI1Mzg/wOTM1MUY0QjIxMkYxN0M3QTc1M0JDOTIxRjI4NDM1MjYzNzU0NEUxLmpwZw.jpg,https://www.lidl.com.mt/p/9-mini-hazelnut-croissants/p10034933,"Ingredients: vegetable margarine (palm fat, water, vegetable oils (rapeseed, palm, sunflower), emulsifiers: mono-and diglycerides of fatty acids, lecithins; salt, acidity regulators: citric acid, sodium citrates; natural flavors; color: carotenes), wheat flour, 18% hazelnut cream (sugar, vegetable fats (sunflower, cocoa butter), 10,5% hazelnuts , low fat cocoa powder, skimmed milk powder, emulsifier: lecithins; natural flavor), water, 8% natural yeast (contains wheat ), sugar, 3% fresh sourdough ( wheat flour, water), eggs , wheat gluten, glucose syrup, 0,6% cocoa powder, concentrated butter , salt, vanillin, gelling agent: pectins; emulsifier: mono- and diacetyl tartaric acid esters of mono- and diglycerides of fatty acids; dextrose, acid: citric acid; color: carotenes; antioxidant: ascorbic acid; alpha amylase, xylanase. May contain traces of: soy, peanuts, sesame seeds, other nuts, sulphites, lupins, celery, mustard."
Baguette,Lidl Quality Selection,Flour & Grains,€1.99,Per Item,https://imgproxy-retcat.assets.schwarz/jYwy1lHfBPUBd9msUtf_e1hnvT3HBsT4UdpUl0tnqSQ/sm:1/w:1278/h:959/cz/M6Ly9wcm9kLWNhd/GFsb2ctbWVkaWEvbXQvMS80NjU2MEUyOTIzMDI0MjRBQTVDREIxRUI/0QUM4ODBGODE2ODdFRTNFQTdGQjE4NzM0QjM3NTUwODZCRTEyMDQxLmpwZw.jpg,https://www.lidl.com.mt/p/baguette/p10034905,"Ingredients: wheat flour, water, salt, yeast. May contain traces of: milk, eggs, nuts, sesame seeds, soy, sulphites, peanuts, celery, mustard, lupins."
Baguette,Lidl Quality Selection,Flour & Grains,€1.99,Per Item,https://www.lidl.com.mt/assets/gcpbb8fe968a7444146b7211c8e11f613f9.png,https://www.lidl.com.mt/p/baguette/p66000014,"Ingredients: wheat flour, water, salt, yeast. May contain traces of: milk, eggs, nuts, sesame seeds, soy, sulphites, peanuts, celery, mustard, lupins."
Biscuits with Cereals and Cranberries,Britannia / Parle,Flour & Grains,€1.11,250g pack,https://www.lidl.com.mt/assets/gcpc317931c50d1462eb0abfd5fe7291902.png,https://www.lidl.com.mt/p/realforno-biscuits-with-cereals-and-cranberries/p11140461,With cereals and fruits
Buckwheat Bread with Walnuts,3 Leaves / Alibaba,Flour & Grains,€1.99,Per Item,https://www.lidl.com.mt/assets/gcp65cb592b2a794e98ab86155f4dfe11e5.png,https://www.lidl.com.mt/p/buckwheat-bread-with-walnuts/p66000047,"Ingredients: water, high gluten wheat flour, 22% buckwheat flour, 14% walnuts , potato flakes (potatoes, antioxidants: sodium metabisulphite (contains sulphites ), L-ascorbyl palmitate; curcuma, emulsifier: mono-and diglycerides of fatty acids; acid: citric acid), sunflower oil, butter , wheat gluten, sugar, iodized salt (salt, potassium iodate), yeast, flour treatment agent: ascorbic acid. May contain traces of: eggs, peanuts, soy , other nuts, celery, mustard, sesame seeds, lupins . Altough an accurate production, the complete elimination of walnut shells is not ensured."
Buckwheat and walnut bread,3 Leaves / Alibaba,Flour & Grains,€1.99,Per Item,https://imgproxy-retcat.assets.schwarz/S83F3NsDmpYdEgPCWKi20GgzRUv8sELwdWHVnbdIti0/sm:1/w:1278/h:959/cz/M6Ly9wcm9kLWNhd/GFsb2ctbWVkaWEvbXQvMS9FOTgzMEFFOTFDNUFBREYwQUExNTY0QjJ/GRDNCMUYxQjc1RkEzRjEzRDIzQUYzMjc0MjlEQzRGRDk5QUUyQzlGLmpwZw.jpg,https://www.lidl.com.mt/p/buckwheat-and-walnut-bread/p10044253,"Ingredients: water, high gluten wheat flour, 22% buckwheat flour, 14% walnuts, potato flakes (potatoes, antioxidants: sodium metabisulphite (contains sulphites), L-ascorbyl palmitate; curcuma, emulsifier: mono-and diglycerides of fatty acids; acid: citric acid), sunflower oil, butter, wheat gluten, sugar, iodized salt (salt, potassium iodate), yeast, flour treatment agent: ascorbic acid. May contain traces of: eggs, peanuts, soy, other nuts, celery, mustard, sesame seeds, lupins. Altough an accurate production, the complete elimination of walnut shells is not ensured."
Butter Croissant,Bono / 7 Days,Flour & Grains,€1.99,Per Item,https://www.lidl.com.mt/assets/gcpeac5450c4eb842e8a45e6c505f5c9fab.png,https://www.lidl.com.mt/p/butter-croissant/p66000088,"Ingredients: wheat flour, butter 27%, water, sugar, table salt, rapeseed oil, yeast, wheat malt flour, wheat gluten, pea protein, maltodextrin, dextrose, corn starch, flour treatment agent: ascorbic acid. May contain traces of: eggs, peanuts, soy, nuts, celery, mustard, sesame seeds, sulphites, lupins ."
Butter croissant,Bono / 7 Days,Flour & Grains,€1.99,Per Item,https://imgproxy-retcat.assets.schwarz/oTb50-OX_-VVYscnu40RiCcu-PtZdlwJYzqQfdhhT3A/sm:1/w:1278/h:959/cz/M6Ly9wcm9kLWNhd/GFsb2ctbWVkaWEvbXQvMS82QUYxMTg3NjMyQTJGQTUxRTg3M0U2NzA/zMDA3OTIwNjc0MzRCREZGRkNFNUNBNUJBOTcxMDBCNDA1NDNDNjBELmpwZw.jpg,https://www.lidl.com.mt/p/butter-croissant/p10034881,"Ingredients: wheat flour, butter 27%, water, sugar, table salt, rapeseed oil, yeast, wheat malt flour, wheat gluten, pea protein, maltodextrin, dextrose, corn starch, flour treatment agent: ascorbic acid. May contain traces of: eggs, peanuts, soy, nuts, celery, mustard, sesam seeds, sulphites, lupins."
Cheese Bread,Lidl Quality Selection,Flour & Grains,€1.99,Per Item,https://www.lidl.com.mt/assets/gcp1dee6741d964480097b8b49b785a0d93.jpg,https://www.lidl.com.mt/p/cheese-bread/p66000015,"Ingredients: wheat flour, 18,5% Gouda ( milk , salt, cheese cultures, rennet substitute), water, salt, yeast, invert sugar syrup, thickener: Guar gum; wheat malt flour, emulsifier: Mono- and diacetyl tartaric acid esters of mono- and diglycerides of fatty acids*. *plant-based. May contain traces of: eggs, peanuts, soy, nuts, celery, mustard, sesame seeds, sulphites, lupins."
Cheese bread,Lidl Quality Selection,Flour & Grains,€1.99,Per Item,https://imgproxy-retcat.assets.schwarz/3yFrh367XaJA1CE9_tEBqKnq-h17rM8sjpefuM18MNc/sm:1/w:1278/h:959/cz/M6Ly9wcm9kLWNhd/GFsb2ctbWVkaWEvbXQvMS9GNjgzRDc5OENBMTNCMkI2QzQxMjA4ODU/1MTQ4MTVENjE0Mjc4RjBENzg2RUFBOTdENTNCNDBFOTQ0NDYwQjA5LmpwZw.jpg,https://www.lidl.com.mt/p/cheese-bread/p10034853,"Ingredients: wheat flour, 18,5% Gouda ( milk , salt, cheese cultures, rennet substitute), water, salt, yeast, invert sugar syrup, thickener: Guar gum; wheat malt flour, emulsifier: Mono- and diacetyl tartaric acid esters of mono- and diglycerides of fatty acids*. *plant-based. May contain traces of: eggs, peanuts, soy, nuts, celery, mustard, sesame seeds, sulphites, lupins."
Chocolate Donut,Lidl Quality Selection,Flour & Grains,€1.99,Per Item,https://www.lidl.com.mt/assets/gcp2ebecbfc0418440497b1041aa7e6adf1.png,https://www.lidl.com.mt/p/chocolate-donut/p66000078,"Ingredients: wheat flour, vegetable fats and oils (sunflower, rapeseed, palm), water, sugar, whole milk powder, cocoa butter*, cocoa mass*, fat reduced cocoa powder*, salt, yeast, dried glucose syrup, wheat starch, wheat gluten, emulsifiers: mono- and diglycerides of fatty acids**, sodium stearoyl-2-lactylate**, lecithins; raising agents: diphosphates, sodium carbonates; flour treatment agent: ascorbic acid. *Rainforest Alliance Certified. Find out more at ra.org. **of vegetable origin. May contain traces of: eggs, peanuts, soy, nuts, celery, mustard, sesame seeds, sulphites, lupins ."
Chocolate Roll,Lidl Quality Selection,Flour & Grains,€1.99,Per Item,https://www.lidl.com.mt/assets/gcp48b8953ff3ef4601b5489bfd92cf3828.png,https://www.lidl.com.mt/p/chocolate-roll/p66000079,"Ingredients: wheat flour, butter , dark chocolate (sugar, cocoa mass*, cocoa butter*, emulsifier: lecithins; natural vanilla aroma), water, sugar, yeast, eggs **, salt, wheat gluten, malted wheat flour, inactive yeast, flour treatment agent: ascorbic acid. Rainforest Alliance certified. ra.org. **Barn eggs. May contain traces of: peanuts, soy, nuts, celery, mustard, sesame seeds, sulphites, lupins ."
Chocolate donut,Lidl Quality Selection,Flour & Grains,€1.99,Per Item,https://imgproxy-retcat.assets.schwarz/TF-q0_zrRrMpPiQd6t9CBA8i8byfOCbkirbODsuWR5U/sm:1/w:1278/h:959/cz/M6Ly9wcm9kLWNhd/GFsb2ctbWVkaWEvbXQvMS9GRUExQjIxNjA3MUYyMkU5Q0NCM0FBOEZ/EMzUzQUNFM0ZCNjA5QjRGMEE2MEQxOTU5QTVFNDNGRkE3MkQ1OUMyLmpwZw.jpg,https://www.lidl.com.mt/p/chocolate-donut/p10034891,"Ingredients: wheat flour, vegetable fats and oils (sunflower, rapeseed, palm), water, sugar, whole milk powder, cocoa butter*, cocoa mass*, fat reduced cocoa powder*, salt, yeast, dried glucose syrup, wheat starch, wheat gluten, emulsifiers: mono- and diglycerides of fatty acids**, sodium stearoyl-2-lactylate**, lecithins; raising agents: diphosphates, sodium carbonates; flour treatment agent: ascorbic acid. *Rainforest Alliance Certified. Find out more at ra.org. **of vegetable origin. May contain traces of: eggs, peanuts, soy, nuts, celery, mustard, sesame seeds, sulphites, lupins."
Chocolate roll,Lidl Quality Selection,Flour & Grains,€1.99,Per Item,https://imgproxy-retcat.assets.schwarz/8g6kw96JnIo9fnBXJUbgbBoW0vR54Tyli8cIhq_dHB8/sm:1/w:1278/h:959/cz/M6Ly9wcm9kLWNhd/GFsb2ctbWVkaWEvaW50LzYzM0JEQTdBRDFBMTA2QzEwN0JGQUFEQj/JBRjNGQ0FFMURBM0MwQjdFRjMzM0IwRTkxRjNGRkM3MDBGMEU0ODMucG5n.png,https://www.lidl.com.mt/p/chocolate-roll/p10034857,"Ingredients: wheat flour, butter , dark chocolate (sugar, cocoa mass*, cocoa butter*, emulsifier: lecithins; natural vanilla aroma), water, sugar, yeast, eggs **, salt, wheat gluten, malted wheat flour, inactive yeast, flour treatment agent: ascorbic acid. *Rainforest Alliance certified. ra.org. **Barn eggs. May contain traces of: peanuts, soy, nuts, celery, mustard, sesame seeds, sulphites, lupins."
Citrus Juicer,Aashirvaad / Patanjali,Flour & Grains,€21.99,280ml,https://www.lidl.com.mt/assets/gcpeb309b28b48f4510bd24b05ff3376008.png,https://www.lidl.com.mt/p/silvercrest-citrus-juicer/p11120107,"85W Capacity: 280ml 2-in-1 pressing cone for citrus fruits of different sizes, strainer attachment for catching pips and Lid"
Cream pasticciotto,Alibaba / Daawat,Flour & Grains,€1.99,Per Item,https://www.lidl.com.mt/assets/gcp74962fc5586346229470ce6df2793197.jpg,https://www.lidl.com.mt/p/cream-pasticciotto/p66000215,"Ingredients: Shortcrust pastry: wheat flour, sugar, lard, eggs, butter , orange zest, raising agent: ammonium hydrogen carbonate; iodized salt (salt, potassium iodate), glucose syrup, water, eggs yolk, whole milk powder, flavorings, modified starch, colours: riboflavins, carotenes. Cream: water, sugar, milk powder, wheat flour , corn starch, egg yolk, rice starch, glucose syrup, glucose-fructose syrup, lemon zest, lemon essential oil, salt, acidity regulator: citric acid; iodized salt (salt, potassium iodate), flavorings, colours: riboflavins, carotenes; stabiliser: pectins. May contain traces of: peanuts, soy, nuts, celery, mustard, sesame seeds, sulphites, lupins ."
Crispy Coated Peanuts,Lidl Quality Selection,Flour & Grains,€1.99,Per Item,https://www.lidl.com.mt/assets/gcp57726a2a4f7e449daced2fbefbc64acf.png,https://www.lidl.com.mt/p/alesto-crispy-coated-peanuts/p11008316,
Donut with sugar,3 Leaves / Alibaba,Flour & Grains,€1.99,Per Item,https://imgproxy-retcat.assets.schwarz/yz2Mmkc30t2dqZmBj7AxHE1sQSVmekuTB22pkllWdAQ/sm:1/w:1278/h:959/cz/M6Ly9wcm9kLWNhd/GFsb2ctbWVkaWEvbXQvMS8zQTNEMTY1QTYyN0Q3RTgzQTg1QzQyNUJ/BNDQyRDVFRDI5NUQ0MzkxNEZCMjExNjVGREQ0OThDQUUwQUFDODM4LmpwZw.jpg,https://www.lidl.com.mt/p/donut-with-sugar/p10034937,"Ingredients: wheat flour, water, pasteurized eggs , high oleic sunflower oil, sugar 6,4% (of which 4,8% covering sugar), 3,3% butter, lactose , yeast, natural yeast (water, wheat flour, yeast cultures), salt, natural flavorings, emulsifiers: mono-and diglycerides of fatty acids, mono- and diacetyl tartaric acid esters of mono- and diglycerides of fatty acids; whey milk powder, sunflower oil, wheat gluten, pasteurized egg white in powder, flour treatment agents: ascorbic acid, L-cysteine; enzymes: amylase, xylanase (from wheat ). May contain traces of: peanuts, soy, nuts, celery, mustard, sesame seeds, sulphites, lupins."
Donuts with toffee-flavoured filling,Lidl Quality Selection,Flour & Grains,€1.99,Per Item,https://imgproxy-retcat.assets.schwarz/loMwtnIZhnh8jgEOWwEJ47TChHsOgDTwxekkIkLJ0WU/sm:1/w:1278/h:959/cz/M6Ly9wcm9kLWNhd/GFsb2ctbWVkaWEvbXQvMS9BNTBCQUVBRkVENzkxNkMxQkQyODUyNzQ/2NEEzMkM3MDMwMUQzMkRFMjY5QTlFOURGMjFFRDg2RTBGMUZFQ0RFLmpwZw.jpg,https://www.lidl.com.mt/p/donuts-with-toffee-flavoured-filling/p10034897,"Ingredients: wheat flour, water, vegetable fats (coconut, palm kernel, palma), sugar, glucose-fructose-sirup, whey powder, dextrose, sunflower seed oil, amido, yeast, soy flour, lactose , butteroil , raising agents: diphosphates, natrium carbonates; emulsifiers: mono- and diglycerides of fatty acids, sodium stearoyl-2-lactylate, lecithin ( soy ); skimmed milk powder, salt, whole milk powder, colours: carotenes, plain caramel; acid: citric acid; flour treatment agent: ascorbic acid; preservatives: potassium sorbate. May contain traces of: gluten, eggs, peanuts, soy, milk, nuts, celery, mustard, sesame seeds, sulphites, lupins."
Donuts with toffee-flavoured filling,Lidl Quality Selection,Flour & Grains,€1.99,Per Item,https://www.lidl.com.mt/assets/gcp5aea3827057e44f5b36c186d4f25a5b8.png,https://www.lidl.com.mt/p/donuts-with-toffee-flavoured-filling/p66000077,"Ingredients: wheat flour, water, vegetable fats (coconut, palm kernel, palma), sugar, glucose-fructose-sirup, whey powder, dextrose, sunflower seed oil, amido, yeast, soy flour, lactose, butteroil , raising agents: diphosphates, natrium carbonates; emulsifiers: mono- and diglycerides of fatty acids, sodium stearoyl-2-lactylate, lecithin ( soy ); skimmed milk powder, salt, whole milk powder, colours: carotenes, plain caramel; acid: citric acid; flour treatment agent: ascorbic acid; preservatives: potassium sorbate. May contain traces of: gluten, eggs, peanuts, soy, milk, nuts, celery, mustard, sesame seeds, sulphites, lupins ."
Durum Wheat Baguette,Lidl Quality Selection,Flour & Grains,€1.99,Per Item,https://www.lidl.com.mt/assets/gcpd4381ac855e7432993babb8dc0467ce9.png,https://www.lidl.com.mt/p/durum-wheat-baguette/p66000016,"Ingredients : durum wheat flour, water, sourdough (durum wheat flour, water), salt, yeast. May contain traces of: nuts, milk, sesame seeds, eggs, soy, peanuts, celery, mustard, sulphites, lupin ."
Durum Wheat Bread,Lidl Quality Selection,Flour & Grains,€1.99,Per Item,https://www.lidl.com.mt/assets/gcp8e3420ec466c40d39b3cf322298cc59e.png,https://www.lidl.com.mt/p/durum-wheat-bread/p66000017,"Ingredients : durum wheat flour, water, sourdough (durum wheat flour, water), salt, yeast. May contain traces of: milk, soy, eggs, nuts, peanuts, sesame seeds, sulphites, lupin, celery, mustard."
Durum Wheat Roll,Lidl Quality Selection,Flour & Grains,€1.99,Per Item,https://www.lidl.com.mt/assets/gcp3a3102c722c1449286464c979525bdc4.png,https://www.lidl.com.mt/p/durum-wheat-roll/p66000018,"Ingredients : durum wheat semolina, water, yeast, salt, natural yeast of wheat flour in powder. May contain traces of: milk, soy, eggs, nuts, peanuts, sesame seeds, sulphites, lupin, celery, mustard."
Durum wheat baguette,Lidl Quality Selection,Flour & Grains,€1.99,Per Item,https://imgproxy-retcat.assets.schwarz/uwqbcIETugW4pi_UJkKWwmQPkd23ApxYK3saaniF9y4/sm:1/w:1278/h:959/cz/M6Ly9wcm9kLWNhd/GFsb2ctbWVkaWEvbXQvMS8zNTdGNkYyMkRFNDU3OTA0Q0IwQzlFOTZ/GNkFDNUMwM0ZBN0U2REE2RTc1MkU4NTFCMEJCMzBBREFENzZDMEVBLmpwZw.jpg,https://www.lidl.com.mt/p/durum-wheat-baguette/p10034903,"Ingredients: durum wheat flour, water, sourdough (durum wheat flour, water), salt, yeast. May contain traces of: nuts, milk, sesame seeds, eggs, soy, peanuts, celery, mustard, sulphites, lupin."
Durum wheat bread,Lidl Quality Selection,Flour & Grains,€1.99,Per Item,https://imgproxy-retcat.assets.schwarz/BvVLNUnGH4vnSgWd2rURZaC2A4EAqcMWIb0hYDgfhNU/sm:1/w:1278/h:959/cz/M6Ly9wcm9kLWNhd/GFsb2ctbWVkaWEvbXQvMS8xMTc3RUUwNUQ2NkMxRDhCODIyOEZGNzA/1Q0UxNTMzREY0RDE5OUEwMzE4RUVFOUM4Q0E4N0U1NEJDRDUwQ0MzLmpwZw.jpg,https://www.lidl.com.mt/p/durum-wheat-bread/p10034909,"Ingredients: durum wheat flour, water, sourdough (durum wheat flour, water), salt, yeast. May contain traces of: milk, soy, eggs, nuts, peanuts, sesame seeds, sulphites, lupin, celery, mustard."
Durum wheat roll,Lidl Quality Selection,Flour & Grains,€1.99,Per Item,https://imgproxy-retcat.assets.schwarz/OX-JKJJXtCoTydnVp5G1biUrVmxM6CN8VeZtZEu9I7k/sm:1/w:1278/h:959/cz/M6Ly9wcm9kLWNhd/GFsb2ctbWVkaWEvbXQvMS84NjBCMDE0NjQxNUMzOUJENDU1MURGOUU/0QTlGQkRDMEQyQzg5NDg1RTFGQkNDMkM0RDhCMzU1MTY1QUYzRUEyLmpwZw.jpg,https://www.lidl.com.mt/p/durum-wheat-roll/p10034919,"Ingredients: durum wheat semolina, water, yeast, salt, natural yeast of wheat flour in powder. May contain traces of: milk, soy, eggs, nuts, peanuts, sesame seeds, sulphites, lupin, celery, mustard ."
Flatbread with extra v. olive oil,Alibaba / Italiamo,Flour & Grains,€1.99,Per Item,https://imgproxy-retcat.assets.schwarz/LQguU3wZxEjJR_fHkWHKzNlz-LMgCYwgDjuGI5hgQ7g/sm:1/w:1278/h:959/cz/M6Ly9wcm9kLWNhd/GFsb2ctbWVkaWEvbXQvMS9CRjlDNzY1QUIxM0Q0Qjc0MTZGMUZERUZ/DOTNCNDdFQjNDRUY1OEU0M0VEMzQ0RUNFQjM5QUFDMEIwRTRDNzgwLmpwZw.jpg,https://www.lidl.com.mt/p/flatbread-with-extra-v-olive-oil/p10034913,"Ingredients: wheat flour, water, extra virgin olive oil (3.5%), salt, yeast, malted cereal flour ( wheat ). May contain traces of: milk, eggs, nuts, peanuts, sesame seeds, sulphites, lupin, celery, mustard, soy."
Focaccia Twist with Goat Cheese,Alibaba / Daawat,Flour & Grains,€1.99,Per Item,https://www.lidl.com.mt/assets/gcp86a100ed38eb491282bddaa4af8ba52d.png,https://www.lidl.com.mt/p/focaccia-twist-with-goat-cheese/p66000019,"Ingredients: wheat flour, water, 13% cherry tomatoes, 11% goat cheese and honey preparation (87% goat cheese (pasteurized goat milk , salt, preservative: potassium sorbate; lactic ferments, microbial rennet), 13% honey), 3% basil sauce (90% basil, sunflower oil, salt), grated sliceable mozzarella (pasteurized milk , starch, salt, lactic ferments, microbial rennet), yeast, rice flour, rapeseed oil, sunflower oil, salt, olive oil, sugar. May contain traces of: eggs, soy, sesame seeds, nuts, mustard, celery, sulphites, peanuts, lupin ."
Focaccia twist with goat cheese,Alibaba / Daawat,Flour & Grains,€1.99,Per Item,https://imgproxy-retcat.assets.schwarz/HswCTH5MJ2loSUzZSfIQUhcqT9CbwA6f4cnM_c4B3a8/sm:1/w:1278/h:959/cz/M6Ly9wcm9kLWNhd/GFsb2ctbWVkaWEvbXQvMS8zN0RBMjc2OTc0NDlGRUE4RDk2QTkyMzM/4N0U5NThBRkYyRUI4QTcyRTY0RkEzMUY5MzYzQzVGMTdCMjY1NDFFLmpwZw.jpg,https://www.lidl.com.mt/p/focaccia-twist-with-goat-cheese/p10034871,"Ingredients: wheat flour, water, 13% cherry tomatoes, 11% goat cheese and honey preparation (87% goat cheese (pasteurized goat milk , salt, preservative: potassium sorbate; lactic ferments, microbial rennet), 13% honey), 3% basil sauce (90% basil, sunflower oil, salt), grated sliceable mozzarella (pasteurized milk , starch, salt, lactic ferments, microbial rennet), yeast, rice flour, rapeseed oil, sunflower oil, salt, olive oil, sugar. May contain traces of: eggs, soy, sesame seeds, nuts, mustard, celery, sulphites, peanuts, lupin."
French Baguette,Lidl Quality Selection,Flour & Grains,€1.99,Per Item,https://www.lidl.com.mt/assets/gcp665a1731c24b4fc5bf48abd1e1e882b5.png,https://www.lidl.com.mt/p/french-baguette/p66000067,"Ingredients: 70% wheat flour, water, brewer's yeast, salt, wheat malt flour, barley malt extract, wheat gluten, deactivated brewer's yeast, flour treatment agent: ascorbic acid. May contain traces of: eggs, peanuts, soy, milk, nuts, celery, mustard, sesame seeds, sulphites, lupins ."
Ftira Small,Lidl Quality Selection,Flour & Grains,€1.99,Per Item,https://www.lidl.com.mt/assets/gcp16e57174bd464d918c60504d729d2cc5.jpg,https://www.lidl.com.mt/p/ftira-small/p66000020,"Ingredients : wheat flour, water, salt, sourdough (wheat flour, water), yeast, antioxidant: E300. May contain traces of: nuts, sesame seeds , sulphites, peanuts, milk, celery, mustard, soya, egg, lupin."
Ftira big,Lidl Quality Selection,Flour & Grains,€1.99,Per Item,https://imgproxy-retcat.assets.schwarz/XbzpaMQJeWsVxyNOXXhy5pHMESVQ2hWZoPcr6KpkhZo/sm:1/w:1278/h:959/cz/M6Ly9wcm9kLWNhd/GFsb2ctbWVkaWEvbXQvMS9BMjMwNkRDOTBCRUI0MzFGOEJCOUJERTY/xNjJDQTcyMzc4NDlBQzlFMUFFRjdBMkREREZBQkI0QjQ4MENBMThDLmpwZw.jpg,https://www.lidl.com.mt/p/ftira-big/p10044701,"Ingredients: wheat flour, water, mother dough (wheat, water), yeast, salt. May contain traces of: eggs, peanuts, soy, milk, nuts, celery, mustard, sesame seeds, sulphites, lupins."
Ftira small,Lidl Quality Selection,Flour & Grains,€1.99,Per Item,https://imgproxy-retcat.assets.schwarz/B2emT4xfUfA7_7ojT1qujybBztEn-p8zH-Y8vIyCoIU/sm:1/w:1278/h:959/cz/M6Ly9wcm9kLWNhd/GFsb2ctbWVkaWEvbXQvMS8yNUI0NTMwNDgwMzUxNjI4N0VFOTVCNEN/BMjQ1MUQxNjgwOTJDQTI5MzhDQTQ3M0I3RDBCODk3RUE4MURCOEU3LmpwZw.jpg,https://www.lidl.com.mt/p/ftira-small/p10034849,"Ingredients: wheat flour, water, salt, sourdough ( wheat flour, water), yeast, antioxidant: E300. May contain traces of: nuts, sesame seeds , sulphites, peanuts, milk, celery, mustard, soya, egg, lupin."
Gianduja Chocolate Puff Pastry,Lidl Quality Selection,Flour & Grains,€1.99,Per Item,https://www.lidl.com.mt/assets/gcpd6ff931410cd406da725f4a69e1af887.jpg,https://www.lidl.com.mt/p/gianduja-chocolate-puff-pastry/p66000080,"Ingredients: wheat flour, 25% gianduja taste filling (sugar, vegetable oils (sunflower, palm), 11% hazelnuts , 9% fat reduced cocoa, whole fat milk powder, emulsifier: soy lecithin; flavors), margarine (vegetable oils and fats (palm, sunflower), water, salt, emulsifier: E471; acidity regulator: E330), water, butter , 2% caster sugar (topping), salt. May contain traces of: eggs , other nuts, peanuts, sesame seeds, sulphites, lupin, celery, mustard ."
Gianduja chocolate puff pastry,Lidl Quality Selection,Flour & Grains,€1.99,Per Item,https://imgproxy-retcat.assets.schwarz/kuZ-OvxCjvqISgBjHyhtAPe2BTtBiGmGyHbcv5hemG4/sm:1/w:1278/h:959/cz/M6Ly9wcm9kLWNhd/GFsb2ctbWVkaWEvbXQvMS82MzgxM0NBNTFBQjJGNjhGNDc5N0Y4MTg/wMUM5MkI0MTBFRjAxQTc3QTQyMTY2QTNDMURFNTlFRThBNDMyM0ZFLmpwZw.jpg,https://www.lidl.com.mt/p/gianduja-chocolate-puff-pastry/p10034843,"Ingredients: wheat flour, 25% gianduja taste filling (sugar, vegetable oils (sunflower, palm), 11% hazelnuts , 9% fat reduced cocoa, whole fat milk powder, emulsifier: soy lecithin; flavors), margarine (vegetable oils and fats (palm, sunflower), water, salt, emulsifier: E471; acidity regulator: E330), water, butter , 2% caster sugar (topping), salt. May contain traces of: eggs , other nuts, peanuts, sesame seeds, sulphites, lupin, celery, mustard ."
Ham and Cheese Dumpling,Lidl Quality Selection,Flour & Grains,€1.99,Per Item,https://www.lidl.com.mt/assets/gcp6fde07a3247542729643bca4b7e1ac93.png,https://www.lidl.com.mt/p/ham-and-cheese-dumpling/p66000021,"Ingredients : dough ( wheat flour, margarine (vegetable oils and fats (palm, sunflower, coconut, soybean, rapeseed, in varying proportions), water, emulsifier: E 471; acidity regulator: E 330), water, yeast, sugar, improver ( wheat flour, wheat gluten, emulsifiers: E 472e; thickener: E 415; dextrose, malted wheat flour, flour treatment agent: E 300, E 920; enzymes wheat ) salt), 16% cheese preparation (cow’s milk , salt, lactic acid culture, calcium chloride, coagulating enzymes (microbiological), fungal coagulant (microbiological), preservative agent: natamycin (E235)), starch modified, milk whey, emulsifying salts: E 331, E 339; salt, gelling agent: E 407), 15% ham (pork meat, water, starch, salt, dextrose, emulsifiers: E 451i, E 471; acidity regulators: E 262i, E 296; soy protein, gelling agents: processed Euchema algae, E 407, E 410; flavors, preservative: E 250; antioxidant: E 301; hemoglobin), egg *, glucose. *Barn eggs May contain traces of: peanuts, nuts, celery, mustard, sesame seeds, sulphites, lupins ."
Ham and cheese dumpling,Lidl Quality Selection,Flour & Grains,€1.99,Per Item,https://imgproxy-retcat.assets.schwarz/UmL0k_3jkZSoHkNN14KkUHK8VF2JEeGYWeSpXMnXL_4/sm:1/w:1278/h:959/cz/M6Ly9wcm9kLWNhd/GFsb2ctbWVkaWEvbXQvMS83NjE5ODgyOUI4RjczNEYxMUYzNjIzMzE/3OUYwMjE2MDUzRjZFQzQwNTlCOEI3REY4OEVDMDZBNDQ1NTNENDYyLmpwZw.jpg,https://www.lidl.com.mt/p/ham-and-cheese-dumpling/p10034901,"Ingredients: dough ( wheat flour, margarine (vegetable oils and fats (palm, sunflower, coconut, soybean, rapeseed, in varying proportions), water, emulsifier: E 471; acidity regulator: E 330), water, yeast, sugar, improver ( wheat flour, wheat gluten, emulsifiers: E 472e; thickener: E 415; dextrose, malted wheat flour, flour treatment agent: E 300, E 920; enzymes wheat ) salt), 16% cheese preparation (cow’s milk , salt, lactic acid culture, calcium chloride, coagulating enzymes (microbiological), fungal coagulant (microbiological), preservative agent: natamycin (E235)), starch modified, milk whey, emulsifying salts: E 331, E 339; salt, gelling agent: E 407), 15% ham (pork meat, water, starch, salt, dextrose, emulsifiers: E 451i, E 471; acidity regulators: E 262i, E 296; soy protein, gelling agents: processed Euchema algae, E 407, E 410; flavors, preservative: E 250; antioxidant: E 301; hemoglobin), egg* , glucose. *Barn eggs May contain traces of: peanuts, nuts, celery, mustard, sesame seeds, sulphites, lupins."
Hazelnut Croissant,Bono / 7 Days,Flour & Grains,€1.99,Per Item,https://www.lidl.com.mt/assets/gcpbe9154c57a294d50821baac47ae25fe3.png,https://www.lidl.com.mt/p/hazelnut-croissant/p66000081,"Ingredients: vegetable margarine (palm fat, water, vegetable oil (rapeseed, palm, sunflower), emulsifiers: E471, E322; salt, acid: E330, E331; natural flavourings, colour: E160a), hazelnut cream 22.5% (sugar, vegetable fat and oil (sunflower, cocoa butter*), hazelnut 10.5%, low fat cocoa*, skimmed milk powder, emulsifier: E422; flavourings), wheat flour, water, sourdough 11% ( wheat flour, water), sugar, chocolate grains 2.3% (sugar, cocoa paste, cocoa butter, emulsifier: E322 ( soy ), vanillin), yeast, eggs **, glucose syrup, butter , dextrose, salt, wheat gluten, maltodextrins, fructose, gelling: E440, wheat starch, natural flavouring, acidifier: E330. *Rainforest Alliance Certified. Ra.org. **barn eggs May contain traces of: peanuts , other nuts, celery, mustard, sesame seeds, sulphites, lupins ."
Hazelnut croissant with Sourdough,Bono / 7 Days,Flour & Grains,€1.99,Per Item,https://imgproxy-retcat.assets.schwarz/z9mElGo8tLCZwFMnpUk5nFqOO4duIm_QrAC7uROHO24/sm:1/w:1278/h:959/cz/M6Ly9wcm9kLWNhd/GFsb2ctbWVkaWEvbXQvMS9CMUFGM0EzRjg1QUY0MEM5N0ZGMzJEMTl/ENzJEMEVGRUU5NjFBQzgyMEVBMEVFQzM2Mjc2QTU1RDU4REFBRDkzLmpwZw.jpg,https://www.lidl.com.mt/p/hazelnut-croissant-with-sourdough/p10034917,"Ingredients: vegetable margarine (palm fat, water, vegetable oil (rapeseed, palm, sunflower), emulsifiers: E471, E322; salt, acid: E330, E331; natural flavourings, colour: E160a), hazelnut cream 22.5% (sugar, vegetable fat and oil (sunflower, cocoa butter*), hazelnut 10.5%, low fat cocoa*, skimmed milk powder, emulsifier: E422; flavourings), wheat flour, water, sourdough 11% ( wheat flour, water), sugar, chocolate grains 2.3% (sugar, cocoa paste, cocoa butter, emulsifier: E322 (soy), vanillin), yeast, eggs** , glucose syrup, butter , dextrose, salt, wheat gluten, maltodextrins, fructose, gelling: E440, wheat starch, natural flavouring, acidifier: E330. *Rainforest Alliance Certified. Ra.org. **barn eggs May contain traces of: peanuts , other nuts, celery, mustard, sesame seeds, sulphites, lupins."
Lactose-free Fior di Latte Yogurt with Cereals and Chocolate Biscuits,Britannia / Parle,Flour & Grains,€0.89,150g pack,https://www.lidl.com.mt/assets/gcp97638ae1933e4597a4494616ca36f197.png,https://www.lidl.com.mt/p/latteria-lactose-free-fior-di-latte-yogurt-with-cereals-and-chocolate-biscuits/p11144050,With cereals and chocolate biscuits
Maltese Baguette,Lidl Quality Selection,Flour & Grains,€1.99,Per Item,https://www.lidl.com.mt/assets/gcpe4b5e8363d994f70a473add3899ee83f.jpg,https://www.lidl.com.mt/p/maltese-baguette/p66000022,"Ingredients: wheat flour, salt, wheat sourdough ( wheat flour, water), yeast, malted wheat flour, flour treatment agent: ascorbic acid; acidity regulators: citric acid, calcium acetate; rapeseed oil, emulsifier: mono- and diacetyl tartaric acid esters of mono- and diglycerides of fatty acids. May contain traces of: eggs, milk, soy, nuts, peanuts, sesame seeds, sulphites, lupin, celery, mustard ."
Maltese Ciabatta,Aashirvaad / Patanjali,Flour & Grains,€1.99,Per Item,https://www.lidl.com.mt/assets/gcp02a05fe4b94d4ecdb7f76b4563182a4c.png,https://www.lidl.com.mt/p/maltese-ciabatta/p66000023,"Ingredients : wheat flour, salt, yeast, wheat sourdough ( wheat flour, water), malted wheat flour, flour treatment agent: ascorbic acid; acidity regulators: citric acid, calcium acetate; rapeseed oil, emulsifier: mono- and diacetyl tartaric acid esters of mono- and diglycerides of fatty acids. May contain traces of: eggs, milk, soy, nuts, peanuts, sulphites, lupin, celery, mustard, sesame seeds."
Maltese baguette,Lidl Quality Selection,Flour & Grains,€1.99,Per Item,https://imgproxy-retcat.assets.schwarz/A1NOK8reb_C63ws1bRHWzrmm8WrOwmb5Dx5DQd8ZNR0/sm:1/w:1278/h:959/cz/M6Ly9wcm9kLWNhd/GFsb2ctbWVkaWEvbXQvMS83OUFDQjQwRDExRDVERDhGRTY2NzI5MzZ/BNUFBNURGNUE1N0YyRkQ0MTdGMTA3MzAwQUEwMzc0OEYzRjU2OTZCLmpwZw.jpg,https://www.lidl.com.mt/p/maltese-baguette/p10034941,"Ingredients: wheat flour, salt, wheat sourdough ( wheat flour, water), yeast, malted wheat flour, flour treatment agent: ascorbic acid; acidity regulators: citric acid, calcium acetate; rapeseed oil, emulsifier: mono- and diacetyl tartaric acid esters of mono- and diglycerides of fatty acids. May contain traces of: eggs, milk, soy, nuts, peanuts, sesame seeds, sulphites, lupin, celery, mustard."
Maltese ciabatta,Aashirvaad / Patanjali,Flour & Grains,€1.99,Per Item,https://imgproxy-retcat.assets.schwarz/PCg0q6xhTD1c8Bvp8L5a-wwJv8uM1CelkgEv8WMj2mM/sm:1/w:1278/h:959/cz/M6Ly9wcm9kLWNhd/GFsb2ctbWVkaWEvbXQvMS81M0VBMzUwMTRGNjA0OTJGQzc5RjBCMUN/DMDU1Njk0MjQ2MTVCRUEwMUNCNzk5NDc4QThEQTNGNTMxQTY2MTE3LmpwZw.jpg,https://www.lidl.com.mt/p/maltese-ciabatta/p10034939,"Ingredients: wheat flour, salt, yeast, wheat sourdough ( wheat flour, water), malted wheat flour, flour treatment agent: ascorbic acid; acidity regulators: citric acid, calcium acetate; rapeseed oil, emulsifier: mono- and diacetyl tartaric acid esters of mono- and diglycerides of fatty acids. May contain traces of: eggs, milk, soy, nuts, peanuts, sulphites, lupin, celery, mustard, sesame seeds."
Maltese white bread,Lidl Quality Selection,Flour & Grains,€1.99,Per Item,https://imgproxy-retcat.assets.schwarz/9loK4jVxLNU4bSh8K9D9C-CEegr_7Pxs1qFzKUyDlNU/sm:1/w:1278/h:959/cz/M6Ly9wcm9kLWNhd/GFsb2ctbWVkaWEvbXQvMS9FM0Y5ODU0MkM4Mzg5OTQwMzYxMTg5MDg/wQzZGNkVCNTExREJGREI5MzBCNjk5MTEzRTBDRjY1REFFRUEzMTg0LmpwZw.jpg,https://www.lidl.com.mt/p/maltese-white-bread/p10044697,"Ingredients: wheat flour, water, mother dough (wheat, water), yeast, salt. May contain traces of: eggs, peanuts, soy, milk, nuts, celery, mustard, sesame seeds, sulphites, lupins."
Margherita Pizza,Alibaba / Italiamo,Flour & Grains,€1.99,Per Item,https://www.lidl.com.mt/assets/gcp502824df8ac34a5a95c6427b0445cc41.png,https://www.lidl.com.mt/p/margherita-pizza/p66000024,"Ingredients : wheat flour, mozzarella cheese 18% ( milk , salt, microbial rennet), chopped tomato 11%, water, tomato puree 8,7%, salt, extra virgin olive oil, sugar, corn starch, yeast. May contain traces of: eggs, peanuts, soy, nuts, celery, mustard, sesame seeds, sulphites, lupins ."
Margherita Pizza,Alibaba / Italiamo,Flour & Grains,€1.99,Per Item,https://imgproxy-retcat.assets.schwarz/3Fert4DMu1KESoppwwRxr_47KDgijV9IWjTSnHDPvnw/sm:1/w:1278/h:959/cz/M6Ly9wcm9kLWNhd/GFsb2ctbWVkaWEvbXQvMS83MUZEMjE4NkZDMUMxOUZERDg2NjFEN0Z/GQzlBRjNDQjdBRDEzNjA5NEQ0RUVBMDhBQTRFNjRENEU1NTg0N0IwLmpwZw.jpg,https://www.lidl.com.mt/p/margherita-pizza/p10034847,"Ingredients: wheat flour, mozzarella cheese 18% ( milk , salt, microbial rennet), chopped tomato 11%, water, tomato puree 8,7%, salt, extra virgin olive oil, sugar, corn starch, yeast. May contain traces of: eggs, peanuts, soy, nuts, celery, mustard, sesame seeds, sulphites, lupins."
Mini Baguette,Lidl Quality Selection,Flour & Grains,€1.99,Per Item,https://imgproxy-retcat.assets.schwarz/m_9HgTWNoDUoKAq7N-I5dq66g5RFFW82Y0q8tT0lqGQ/sm:1/w:1278/h:959/cz/M6Ly9wcm9kLWNhd/GFsb2ctbWVkaWEvbXQvMS9CQ0EwM0M5RjBERTdCRDdCNUM2MTkzRjA/yODE2RDA2OEQ0MTQzREY0ODc2MkI0MkEyNjY5NEFGQjc0RDBDODA5LmpwZw.jpg,https://www.lidl.com.mt/p/mini-baguette/p10034841,"Ingredients: wheat flour, water, salt, yeast. May contain traces of: milk, eggs, nuts, sesame seeds, soy, sulphites, peanuts, celery, mustard, lupins ."
Mini Chopper,Aashirvaad / Patanjali,Flour & Grains,€17.99,0.5L,https://www.lidl.com.mt/assets/gcp49b512a59d0b45a097eeb3a9ea0ca497.png,https://www.lidl.com.mt/p/silvercrest-mini-chopper/p11120101,500W 2 speed settings Usable volume: 0.5L Whisk attachment for whipping cream included
Mini Hazelnut Croissants,Bono / 7 Days,Flour & Grains,€1.99,Per Item,https://www.lidl.com.mt/assets/gcpbd62ea6007f6475ea6968cbc2ae89efe.png,https://www.lidl.com.mt/p/mini-hazelnut-croissants/p66000073,"Ingredients: vegetable margarine (palm fat, water, vegetable oils (rapeseed, palm, sunflower), emulsifiers: mono-and diglycerides of fatty acids, lecithins; salt, acidity regulators: citric acid, sodium citrates; natural flavors; color: carotenes), wheat flour, 18% hazelnut cream (sugar, vegetable fats (sunflower, cocoa butter), 10,5% hazelnuts , low fat cocoa powder, skimmed milk powder, emulsifier: lecithins; natural flavor), water, 8% natural yeast (contains wheat ), sugar, 3% fresh sourdough ( wheat flour, water), eggs , wheat gluten, glucose syrup, 0,6% cocoa powder, concentrated butter , salt, vanillin, gelling agent: pectins; emulsifier: mono- and diacetyl tartaric acid esters of mono- and diglycerides of fatty acids; dextrose, acid: citric acid; color: carotenes; antioxidant: ascorbic acid; alpha amylase, xylanase. May contain traces of: soy, peanuts, sesame seeds, other nuts, sulphites, lupins, celery, mustard ."
Mini-Baguette,Lidl Quality Selection,Flour & Grains,€1.99,Per Item,https://www.lidl.com.mt/assets/gcp53d3821ff8a949819f191df0d1ec1279.png,https://www.lidl.com.mt/p/mini-baguette/p66000025,"Ingredients: wheat flour, water, salt, yeast. May contain traces of: milk, eggs, nuts, sesame seeds, soy, sulphites, peanuts, celery, mustard, lupins."
Multigrain breadstick,Lidl Quality Selection,Flour & Grains,€1.99,Per Item,https://imgproxy-retcat.assets.schwarz/x_XsIFf3_eafct6pEEa7548pkr_XX2ZAR4aBBH6yMrM/sm:1/w:1278/h:959/cz/M6Ly9wcm9kLWNhd/GFsb2ctbWVkaWEvbXQvMS8wMkIyMzVGRUI3NzNCMkY2RDhDNEZENzc/0MDczODk4Q0ZBOEIzOTM5QkYxQzdCNUFGOUEyNUI4ODMxOTlGNjU4LmpwZw.jpg,https://www.lidl.com.mt/p/multigrain-breadstick/p10034885,"Ingredients: flours ( wheat (62,1%), rye (2,3%), barley (2,2%), oat (2,2%), malted wheat (0,2%), roasted malted barley (0,2%)), water, sunflower seeds (4,8%), brown linseeds (3,9%), sesame seeds (2,7%), pumpkin seeds (2,1%), wheat flakes (1,4%), salt, golden linseeds (1,2%), barley flakes (0,9%), yeast, starch. May contain traces of: nuts, soy, eggs, milk, peanuts, mustard, sulphites, lupin, celery."
Multiseed roll,Lidl Quality Selection,Flour & Grains,€1.99,Per Item,https://imgproxy-retcat.assets.schwarz/pdH2igz66wtLMsU3Aja5lUSlRQRJcJrMiFDoX7UeVu4/sm:1/w:1278/h:959/cz/M6Ly9wcm9kLWNhd/GFsb2ctbWVkaWEvbXQvMS84QzRCQzQ3RjhDQkNDOUEwQzYyMDY5QTM/2MzcwM0FBNEU0QkVDRkJGQTMzRTlCNkE2MTg5QjNEMzdEOTJEODAwLmpwZw.jpg,https://www.lidl.com.mt/p/multiseed-roll/p10034851,"Ingredients: wheat flour, water, flaxseeds 5%, oat flakes, rye flour 4%, yeast, salt, sesame 1.5% sunflowerseeds 1%, wheat protein, wheat bran, thickener: guar gum, malted wheat flour, malted barley flour, barley malt extract ( barley malt, water), emulsifiers: mono- and diacetyl tartaric acid esters of mono - and diglycerides of fatty acids. May contain traces of: nuts, soya, eggs, milk, sulphites, peanuts, celery, mustard, lupin ."
Oat Flakes,Lidl Quality Selection,Flour & Grains,€1.98,3x 500g,https://www.lidl.com.mt/assets/gcp9fce64bad21b4003bedc7b2d9178c96d.png,https://www.lidl.com.mt/p/crownfield-oat-flakes/p11041315,1 piece not in promo = € 0.99
Olive Stick Bread,Alibaba / Italiamo,Flour & Grains,€1.99,Per Item,https://www.lidl.com.mt/assets/gcp98e155b1946c445e98ecd391e7f743b1.png,https://www.lidl.com.mt/p/olive-stick-bread/p66000029,"Ingredients: 64% wheat flour, water, 28% olives, 6,4% wheat sourdough ( wheat flour, water), extra virgin olive oil, salt, malted wheat flour. May contain traces of: milk, eggs, nuts, soy, sesame seeds, celery, mustard, peanuts, lupin, sulphites . Despite careful checks, the presence of stone fragments in olives cannot be completely excluded."
Olive ciabatta,Aashirvaad / Patanjali,Flour & Grains,€1.99,Per Item,https://imgproxy-retcat.assets.schwarz/ciSWmSdELM82-Bn8T_VxT5D59NzVYDjPk7my-UnYheo/sm:1/w:1278/h:959/cz/M6Ly9wcm9kLWNhd/GFsb2ctbWVkaWEvbXQvMS9CMjE0Qjc4NThEODE5QTkyMjhERENFRDU/2NDM0OUUwMDM3MEM3MTg0OENCRTgyNDNFRUU3QUY1QUZCNzBFNjY5LmpwZw.jpg,https://www.lidl.com.mt/p/olive-ciabatta/p10034873,"Ingredients: wheat flour, water, olives 10%, sourdough (water, wheat flour, rye flour), durum wheat semolina, salt, yeast, barley malt extract, rye flour, dextrose. May contain traces of: eggs, peanuts, soy, milk, nuts, celery, mustard, sesame seeds, sulphites, lupins. Even if the olives have been stoned, we cannot guarantee the total absence of kernels or kernel fragments."
Olive stick-bread,Alibaba / Italiamo,Flour & Grains,€1.99,Per Item,https://imgproxy-retcat.assets.schwarz/HE3HPXv1QcrALjM1IFA6R1UNFpVHkhUHrMrOuDAockQ/sm:1/w:1278/h:959/cz/M6Ly9wcm9kLWNhd/GFsb2ctbWVkaWEvbXQvMS82MDRENkRCQzBDRUJFRUU2QTRCRkM4RTg/4QjgxRUJGREUzODU0NjRBMzEzRDg0N0U2QkFFNUU5RTg2MTkwNzY2LmpwZw.jpg,https://www.lidl.com.mt/p/olive-stick-bread/p10034845,"Ingredients: 64% wheat flour, water, 28% olives, 6,4% wheat sourdough ( wheat flour, water), extra virgin olive oil, salt, malted wheat flour. May contain traces of: milk, eggs, nuts, soy, sesame seeds, celery, mustard, peanuts, lupin, sulphites. Despite careful checks, the presence of stone fragments in olives cannot be completely excluded."
Olives Ciabatta,Aashirvaad / Patanjali,Flour & Grains,€1.99,Per Item,https://www.lidl.com.mt/assets/gcpb88f650a7c944872b955c7648378ecce.png,https://www.lidl.com.mt/p/olives-ciabatta/p66000028,"Ingredients: wheat flour, water, olives 10%, sourdough (water, wheat flour, rye flour), durum wheat semolina, salt, yeast, barley malt extract, rye flour, dextrose. May contain traces of: eggs, peanuts, soy, milk, nuts, celery, mustard, sesame seeds, sulphites, lupins. Even if the olives have been stoned, we cannot guarantee the total absence of kernels or kernel fragments."
Onion Baguette,Lidl Quality Selection,Flour & Grains,€1.99,Per Item,https://www.lidl.com.mt/assets/gcp2e1da0eef723426fa47196e9573e4392.jpg,https://www.lidl.com.mt/p/onion-baguette/p66000030,"Ingredients: wheat flour, water, 4,7% onions, sugar, salt, flour treatment agent: ascorbic acid; yeast, anti-caking agent: calcium carbonate May contain traces of: eggs, milk, nuts, peanuts, sesame seeds, sulphites, lupin, celery, mustard, soy."
Oreo Donut,Britannia / Parle,Flour & Grains,€1.99,Per Item,https://www.lidl.com.mt/assets/gcpca77b83bb6644bc5802a2c2f80267464.png,https://www.lidl.com.mt/p/oreo-donut/p66000003,"Ingredients : wheat flour, vegetable fats in varying proportions (palm, coconut), sugar, dark cocoa biscuit pieces wheat flour, sugar, rapeseed oil, 0,6% fat reduced cocoa powder, glucose-fructose syrup, wheat starch, raising agent: potassium carbonates, ammonium carbonates, sodium carbonates; palm oil, salt, emulsifier: lecithins ( soy ); flavouring), water, vegetable oils: palm, rapeseed; lactose , yeast, 1,4% fat reduced cocoa powder, rye flour, emulsifier: mono- and diglycerides of fatty acids, lecithins ( soy ), sodium stearoyl-2- lactylate; whole milk powder, dextrose, glucose syrup, salt, raising agent: diphosphates, sodium carbonates; thickener: xanthan gum; natural vanilla flavouring (contains milk ); natural flavouring; flour treatment agent: ascorbic acid. May contain traces of: eggs, peanuts, nuts, celery, mustard, sesame seeds, sulphites, lupins ."
Parisian softbread,Lidl Quality Selection,Flour & Grains,€1.99,Per Item,https://imgproxy-retcat.assets.schwarz/K70EWq2sptKWRhFpk-nYjsds5tL7Wcw_0Y_ewxhs_Dk/sm:1/w:1278/h:959/cz/M6Ly9wcm9kLWNhd/GFsb2ctbWVkaWEvbXQvMS82RDBCRkY0MzUxNzUwRjdEMjI3NTE0NTd/COTRGMURDNjg5QTI0RjJDMTZGMTJDNDRBQzVDRDlEQTg5RTUwQkM3LmpwZw.jpg,https://www.lidl.com.mt/p/parisian-softbread/p10044703,"Ingredients: 55% wheat flour, water, 13% sourdough (wheat flour, water), sunflower seed oil, rye flour, 2.6% dextrose, 2% sugar, 2% whole milk powder, salt, malted wheat flour, liquid barley malt. May contain traces of: eggs, peanuts, soy, nuts, celery, mustard, sesame seeds, sulphites, lupins ."
Parisien Softbread,Lidl Quality Selection,Flour & Grains,€1.99,Per Item,https://www.lidl.com.mt/assets/gcp6b98950afb62485f8ddfcc3bb4a031ae.png,https://www.lidl.com.mt/p/parisien-softbread/p66000042,"Ingredients: 55% wheat flour, water, 13% sourdough (wheat flour, water), sunflower seed oil, rye flour, 2.6% dextrose, 2% sugar, 2% whole milk powder, salt, malted wheat flour, liquid barley malt. May contain traces of: eggs, peanuts, soy, nuts, celery, mustard, sesame seeds, sulphites, lupins."
Parkside Doughnut,Parkside,Flour & Grains,€1.99,Per Item,https://www.lidl.com.mt/assets/gcpdf74fd4f6c0e4cd3b5bf0f84ce11e7cd.png,https://www.lidl.com.mt/p/parkside-doughnut/p66000197,"Ingredients : wheat flour, sugar, water, whole egg *, palm oil, glucose-fructose syrup, 3% blackcurrants, vegetable fats (palm, coconut), rapeseed oil, 2% strawberries, 2% raspberries, yeast, sweet whey powder ( milk ), salt, emulsifiers: mono- and diglycerides of fatty acids**, mono- and diacetyl tartaric acid esters of mono- and diglycerides of fatty acids**, lecithins (contains soy ); egg white powder, gelling agent: pectins; modified starch, rice flour, acidity regulator: sodium citrates; cocoa butter***, whole milk powder, stabiliser: guar gum; beetroot extract, colours: copper complexes of chlorophylls and chlorophyllins, anthocyanins, curcumin, riboflavins, Patent Blue V, iron oxides and hydroxides; potato starch, natural vanilla flavouring. *Free-range eggs **Plant-based ***Rainforest Alliance certified. ra.org./sas May contain traces of: peanuts, nuts, celery, mustard, sesame seeds, sulphites, lupins ."
Pecan nuts plait,Lidl Quality Selection,Flour & Grains,€1.99,Per Item,https://imgproxy-retcat.assets.schwarz/AU3gNyVe-JyhJqpk1tgYBOao2ZAlAvXJ9sfURA5IKqU/sm:1/w:1278/h:959/cz/M6Ly9wcm9kLWNhd/GFsb2ctbWVkaWEvbXQvMS81ODA5RDU0RTZGMTFBOEFFQzZCRTEzODE/0RDE2OTIyNTg1RDAyNUU2QUI3QUZCMEIzQjg2Q0E0OEU1RDAwQTNFLmpwZw.jpg,https://www.lidl.com.mt/p/pecan-nuts-plait/p10044259,"Ingredients: flour (wheat, malted wheat), vegetable oils and fats (palm, rapeseed, coconut), water, sugar, glazing agent: lactitol; pecan nuts , invert sugar syrup, glucose‐fructose syrup, glucose syrup, starch, egg*, maple syrup, whole milk powder, yeast, salt, natural flavouring, flour treatment agent: ascorbic acid; concentrated lemon juice, inactivated yeast, wheat gluten. May contain traces of: peanuts, soy , other nuts, celery, mustard, sesame seeds, sulphites, lupins ."
Pecan nuts plait,Lidl Quality Selection,Flour & Grains,€1.99,Per Item,https://www.lidl.com.mt/assets/gcp23015119d0d0426d936379390b9dd51d.png,https://www.lidl.com.mt/p/pecan-nuts-plait/p66000072,"Ingredients: wheat flour, palm fat, sugar, rapeseed oil, water, pecan nuts , invert sugar syrup, glucose syrup, starch, maple syrup, whole milk powder, yeast, salt, wheat gluten, coconut oil, natural flavouring, alcohol vinegar, seaweed powder, flour treatment agent: ascorbic acid; concentrated lemon juice. This product may contain hard parts. May contain traces of: eggs, peanuts, soy, other nuts, celery, mustard, sesame seeds, sulphites, lupins ."
Pinky Donut,Lidl Quality Selection,Flour & Grains,€1.99,Per Item,https://imgproxy-retcat.assets.schwarz/Ar0rrp6s5I5aq5j7CeQuIJb3rgwhLsbiRSG9_iJoASE/sm:1/w:1278/h:959/cz/M6Ly9wcm9kLWNhd/GFsb2ctbWVkaWEvbXQvMS9GNDcyQjZGRDNFNTcxQUY1Qjc5RTIzNEU/5MDY0NDgxMUZFMDk2MkZBMDJBNTg1MkZDRThDRENCMTJDNDJDMEQ0LmpwZw.jpg,https://www.lidl.com.mt/p/pinky-donut/p10038801,"Ingredients: wheat flour, vegetable oils in varying proportions (sunflower, palm), water, sugar, vegetable oils (rapeseed, palm kernel, palm, coconut), glucose syrup, salt, yeast, wheat starch, wheat gluten, corn starch, plant extracts (radish, apple, blackcurrant, spirulina, safflower, lemon, beetroot juice), emulsifiers: mono- and diglycerides of fatty acids, sodium stearoyl-2-lactylate, lecithins; raising agents: diphosphates, sodium carbonates; acidifier: citric acid; glazing agent: carnauba wax; natural flavoring, flour treatment agent: ascorbic acid. May contain traces of: eggs, peanuts, soy, milk, nuts, celery, mustard, sesame seeds, sulphites, lupins ."
Pinky Donut,Lidl Quality Selection,Flour & Grains,€1.99,Per Item,https://www.lidl.com.mt/assets/gcp7cf0cd864097422ab6f7d889a3c3a594.png,https://www.lidl.com.mt/p/pinky-donut/p66000083,"Ingredients: wheat flour, vegetable oils in varying proportions (sunflower, palm), water, sugar, vegetable oils (rapeseed, palm kernel, palm, coconut), glucose syrup, salt, yeast, wheat starch, wheat gluten, corn starch, plant extracts (radish, apple, blackcurrant, spirulina, safflower, lemon, beetroot juice), emulsifiers: mono- and diglycerides of fatty acids, sodium stearoyl-2-lactylate, lecithins; raising agents: diphosphates, sodium carbonates; acidifier: citric acid; glazing agent: carnauba wax; natural flavoring, flour treatment agent: ascorbic acid. May contain traces of: eggs, peanuts, soy, milk, nuts, celery, mustard, sesame seeds, sulphites, lupins ."
Pistachio Cornetto,Lidl Quality Selection,Flour & Grains,€1.99,Per Item,https://www.lidl.com.mt/assets/gcpd0b0a78bed1048a3842a1638f4ea7d6b.png,https://www.lidl.com.mt/p/pistachio-cornetto/p66000082,"Ingredients: wheat flour, margarine (vegetable fat (palm), water, vegetable oils (rapeseed, palm, sunflower), emulsifiers: mono- and diglycerides of fatty acids, lecithins; salt, acidifiers: citric acid, sodium citrates; natural flavours, colourings: carotenes), 18% pistachio filling (sugar, vegetable fats (palm, sunflower), lactose , 16% pistachio , modified starch, salt, emulsifier: soy lecithins), 12,5%fresh sourdough ( wheat flour, water), water, 3% corn flakes (corn flour, sugar, barley malt , salt), sugar, butter , yeast, eggs *, skimmed milk , salt, wheat gluten, rapeseed oil, emulsifiers: mono- and diglycerides of fatty acids, mono- and diacetyl tartaric acid esters of mono- and diglycerides of fatty acids; sunflower seed oil, milk protein, vegetable proteins, colouring: chlorophyllins; natural flavouring, anti-caking agent: calcium carbonate; vegetable fibres, antioxidant: ascorbic acid; enzymes. *Barn eggs. May contain traces of: p eanuts, celery, mustard , other nuts, sesame seeds, lupins ."
Pita Bread,Lidl Quality Selection,Flour & Grains,€1.99,Per Item,https://imgproxy-retcat.assets.schwarz/3Hk5I9v_NUd6CA5KdEEoTW6480qZRH4Ldta9o7iPPwc/sm:1/w:1278/h:959/cz/M6Ly9wcm9kLWNhd/GFsb2ctbWVkaWEvbXQvMS82MDM1MTczMjAwOTYwMDg1MEVBODdDREI/1RjM4RERDQkZEMzdGMzM1QzM1QjE2NDU0MDY2RDE5MzFCRkI5MURELmpwZw.jpg,https://www.lidl.com.mt/p/pita-bread/p10034957,"Ingredients: wheat flour, water, yeast, iodized salt (salt, potassium iodine), enzymes, acerola powder. May contain traces of: eggs, peanuts, soy, milk, nuts, celery, mustard, sesame seeds, sulphites, lupins."
Pita Bread,Lidl Quality Selection,Flour & Grains,€1.99,Per Item,https://www.lidl.com.mt/assets/gcp7851812d7dce43e0a893873c16a724ce.png,https://www.lidl.com.mt/p/pita-bread/p66000031,"Ingredients: wheat flour, water, yeast, iodized salt (salt, potassium iodine), enzymes, acerola powder. May contain traces of: eggs, peanuts, soy, milk, nuts, celery, mustard, sesame seeds, sulphites, lupins ."
Powerbank with Compressor,Aashirvaad / Patanjali,Flour & Grains,€54.00,Per Item,https://www.lidl.com.mt/assets/gcp0324a2e35dc14c18bae4a21f8bbd8e43.png,https://www.lidl.com.mt/p/ultimate-speed-powerbank-with-compressor/p11109543,"Compressor air pressure can be preset between 0.3 and 3.5 bar with automatic switch-off, Capacity available in USB mode: 8400mAh 2 USB charging ports and LED torch, Includes: USB charging cable, car jump leads and 3 compressed air attachments"
Pretzel,Lidl Quality Selection,Flour & Grains,€1.99,Per Item,https://www.lidl.com.mt/assets/gcp9dae8c2f4c414c15b65303407428c737.png,https://www.lidl.com.mt/p/pretzel/p66000032,"Ingredients: wheat flour, water, salt, rapeseed oil, yeast, stabiliser: guar gum; dextrose, emulsifier: mono- and diacetyl tartaric acid esters of mono- and diglycerides of fatty acids*; malted wheat flour, acidity regulator: sodium hydroxide. *Plant-based. May contain traces of: eggs, peanuts, soy, milk, nuts, celery, mustard, sesame seeds, sulphites, lupins ."
Pretzel,Lidl Quality Selection,Flour & Grains,€1.99,Per Item,https://imgproxy-retcat.assets.schwarz/m4QpvctTajDUIjKD4j-MubVP6TuUj-e_xRE9_mKy86s/sm:1/w:1278/h:959/cz/M6Ly9wcm9kLWNhd/GFsb2ctbWVkaWEvbXQvMS8yODlDNzFFODU0NDE1QUU0RTJEOEUwMkN/FRkJFQjRDQjJFQTc4NDVBODI2MkFBQTE5RTc3NkRFRDg0MTRDNjZFLmpwZw.jpg,https://www.lidl.com.mt/p/pretzel/p10034867,"Ingredients: wheat flour, water, salt, rapeseed oil, yeast, stabiliser: guar gum; dextrose, emulsifier: mono- and diacetyl tartaric acid esters of mono- and diglycerides of fatty acids*; malted wheat flour, acidity regulator: sodium hydroxide. *Plant-based. May contain traces of: eggs, peanuts, soy, milk, nuts, celery, mustard, sesame seeds, sulphites, lupins."
Protein Bread,Lidl Quality Selection,Flour & Grains,€1.99,Per Item,https://www.lidl.com.mt/assets/gcp35430be385de43c9af3f88789f6f5342.png,https://www.lidl.com.mt/p/protein-bread/p66000033,"Ingredients: 29,7 % spelt wheat flour, water, whole wheat flour, 16,5 % soybean meal, mixture of malt flours ( barley malt flour, spelt wheat caramel malt flour, malt extract ( barley malt, water), roasted rye malt flour, wheat gluten, wheat malt flour, wheat bran, spelt wheat malt meal, hop oil), wheat gluten, 2,5 % seed sprinkles (linseed and sesame seeds), yeast, bread improver ( wheat flour, sugar, wheat gluten, pregelatinized wheat flour, wheat malt flour, malt extract ( barley malt, water), acerola juice powder), iodized salt (salt, potassium iodate). May contain traces of: milk, eggs, nuts, peanuts, sulphites, lupin, celery, mustard ."
Protein bread,Lidl Quality Selection,Flour & Grains,€1.99,Per Item,https://imgproxy-retcat.assets.schwarz/M4tEybiloJo_KBpGJlwdZgAll2mvq6X3NDJV2I6uh74/sm:1/w:1278/h:959/cz/M6Ly9wcm9kLWNhd/GFsb2ctbWVkaWEvbXQvMS8wRUJBMjU0MzM5Q0Q3NERGODVDRjUxOTQ/wODY5MEMzMTdCQ0NERTM1OUFFMDE4Mzk4NkYyMjUxNEM4NEFFQkYxLmpwZw.jpg,https://www.lidl.com.mt/p/protein-bread/p10034953,"Ingredients: 29,7 % spelt wheat flour, water, whole wheat flour, 16,5 % soybean meal, mixture of malt flours (barley malt flour, spelt wheat caramel malt flour, malt extract ( barley malt, water), roasted rye malt flour, wheat gluten, wheat malt flour, wheat bran, spelt wheat malt meal, hop oil), wheat gluten, 2,5 % seed sprinkles (linseed and sesame seeds), yeast, bread improver ( wheat flour, sugar, wheat gluten, pregelatinized wheat flour, wheat malt flour, malt extract ( barley malt, water), acerola juice powder), iodized salt (salt, potassium iodate). May contain traces of: milk, eggs, nuts, peanuts, sulphites, lupin, celery, mustard."
Puff Pastry with Spinach,3 Leaves / Alibaba,Flour & Grains,€1.99,Per Item,https://www.lidl.com.mt/assets/gcp11065e8a7a1940ed88578a2534e9ef2e.png,https://www.lidl.com.mt/p/puff-pastry-with-spinach/p66000013,"Ingredients: 67% puff pastry (soft wheat flour type 0, vegetable margarine (palm fat, sunflower oil, water, salt, emulsifier: mono- and diglycerides of fatty acids; concentrated lemon juice, natural flavours), water, salt, barley malt extract, milk protein, milk skimmed powder, maize maltodextrin, anti-caking agent: sodium carbonates); filling (30%* spinach, water, egg , maize starch and vegetable fibres (bamboo, psyllium), salt, sunflower oil). *Referred to the finished product. May contain traces of: peanuts, soy, nuts, celery, mustard, sesame seeds, sulphites, lupin."
Pumpkin Seed Roll,Lidl Quality Selection,Flour & Grains,€1.99,Per Item,https://www.lidl.com.mt/assets/gcp600d24327c7543519453b2d1aab81752.png,https://www.lidl.com.mt/p/pumpkin-seed-roll/p66000035,"Ingredients: wheat flour 50%, water, pumpkin seeds 17%, rye flour 6%, potato flakes, oat flakes, rapeseed oil, salt, wheat gluten, dextrose, yeast, malted barley flour, malted barley flour extract, malted wheat flour, flour treatment agent: ascorbic agent. May contain traces of: nuts, soy, eggs, milk, sulphites, peanuts, celery, sesame seeds, mustard, lupin ."
Pumpkin seed roll,Lidl Quality Selection,Flour & Grains,€1.99,Per Item,https://imgproxy-retcat.assets.schwarz/59y-_a2gt9MIfU63r46Dgn5X9tq7GOzNEfg3ZFh9sWs/sm:1/w:1278/h:959/cz/M6Ly9wcm9kLWNhd/GFsb2ctbWVkaWEvbXQvMS80Q0E2NEM5NDg2RjEyMTM0MjM0NDM2NDY/0QTY3RTMyRTc5QzM1QjVCRjc4QTc2MEMzOTgzNjdFN0U4NTFGRjQ1LmpwZw.jpg,https://www.lidl.com.mt/p/pumpkin-seed-roll/p10034865,"Ingredients: wheat flour 50%, water, pumpkin seeds 17%, rye flour 6%, potato flakes, oat flakes, rapeseed oil, salt, wheat gluten, dextrose, yeast, malted barley flour, malted barley flour extract, malted wheat flour, flour treatment agent: ascorbic agent. May contain traces of: nuts, soy, eggs, milk, sulphites, peanuts, celery, sesame seeds, mustard, lupin."
Raisin Snails,Lidl Quality Selection,Flour & Grains,€1.99,Per Item,https://www.lidl.com.mt/assets/gcpad30051f17c24a5ab16529fe426fbcff.png,https://www.lidl.com.mt/p/raisin-snails/p66000002,"Ingredients: wheat flour, water, butter , 10% raisins, sugar, yeast, modified starch, whey powder, whole egg *, salt, wheat gluten, whole milk powder, vegetable oils (sunflower seeds, rapeseed, cotton seeds), inactive yeast, malted wheat flour, flour treatment agent: ascorbic acid; colour: carotenes. *Barn eggs. May contain traces of: peanuts, soy, nuts, celery, mustard, sesame seeds, sulphites, lupins ."
Rosetta Bun,Alibaba / Daawat,Flour & Grains,€1.99,Per Item,https://www.lidl.com.mt/assets/gcpd7f313d1bc0e46e7be058cd95dd75032.png,https://www.lidl.com.mt/p/rosetta-bun/p66000036,"Ingredients: wheat flour, water, yeast, iodized salt (salt, potassium iodate), w h eat gluten, wheat malt flour, rice flour, potato starch, antioxidant: ascorbic acid; rapeseed oil. May contain traces of: milk, soy, eggs, nuts, peanuts, sesame seeds, sulphites, lupin, celery, mustar d."
Rosetta bun,Alibaba / Daawat,Flour & Grains,€1.99,Per Item,https://imgproxy-retcat.assets.schwarz/WU93dCXUWhWZ4ZSkRU4O1CBYKu2PUeM2-kh5OkVruOA/sm:1/w:1278/h:959/cz/M6Ly9wcm9kLWNhd/GFsb2ctbWVkaWEvbXQvMS8xMDVBNjk3RTY5QjE2RTE1OTM1RkFFMDk/wRURFRTkzOUJCQTJCMTcyQUVFNkYwOTVDQTkwOUI5RjI1MDBDRTJGLmpwZw.jpg,https://www.lidl.com.mt/p/rosetta-bun/p10034855,"Ingredients: wheat flour, water, yeast, iodized salt (salt, potassium iodate), wheat gluten, wheat malt flour, rice flour, potato starch, antioxidant: ascorbic acid; rapeseed oil. May contain traces of: milk, soy, eggs, nuts, peanuts, sesame seeds, sulphites, lupin, celery, mustard."
Sesame Bagel,Lidl Quality Selection,Flour & Grains,€1.99,Per Item,https://www.lidl.com.mt/assets/gcpfcbd7791056f45309e6324ab6bf404ca.png,https://www.lidl.com.mt/p/sesame-bagel/p66000038,"Ingredients: 74% wheat flour, water, sugar, 1.3% sesame seeds, vegetable oils (palm, rapeseed, sunflower), soy flour, spelt wheat flour, malt flour (spelt wheat, wheat ), wheat starch, salt, thickener: guar gum; yeast, emulsifiers: lecithins soy , mono- and diglycerides of fatty acids*. Plant-based. May contain traces of: eggs, peanuts, milk, nuts, celery, mustard, sesame seeds, sulphites, lupins."
Sesame bagel,Lidl Quality Selection,Flour & Grains,€1.99,Per Item,https://imgproxy-retcat.assets.schwarz/55BZq1IMm9AcegP9ipvCFqKMqD0m5Iclk9x4ydT9xzc/sm:1/w:1278/h:959/cz/M6Ly9wcm9kLWNhd/GFsb2ctbWVkaWEvbXQvMS8yODMxODg3NjZCREQ5NkJGMjUzMTlDRkU/5NTY1QUQ3RUQ3OUY3RDg4QzA2NjNFOTA3M0Q0MkUxRERFMTcwMjdCLmpwZw.jpg,https://www.lidl.com.mt/p/sesame-bagel/p10034875,"Ingredients: 74% wheat flour, water, sugar, 1.3% sesame seeds, vegetable oils (palm, rapeseed, sunflower), soy flour, spelt wheat flour, malt flour (spelt wheat , wheat ), wheat starch, salt, thickener: guar gum; yeast, emulsifiers: lecithins soy , mono- and diglycerides of fatty acids*. Plant-based. May contain traces of: eggs, peanuts, milk, nuts, celery, mustard, sesame seeds, sulphites, lupins."
Sesame bread,Lidl Quality Selection,Flour & Grains,€1.99,Per Item,https://imgproxy-retcat.assets.schwarz/Ntm5PhrIj7YPEx2ajkxNxPKo38mqkqm9ye4-ADxyJrY/sm:1/w:1278/h:959/cz/M6Ly9wcm9kLWNhd/GFsb2ctbWVkaWEvbXQvMS8zOTIxMTExQTNDMjkzOUNERjUzNkNFRTM/zQ0U4NTREQjRFMTA1QjZCODlGQTM0MTczMDAwNUEwMzk3QUMwNUEwLmpwZw.jpg,https://www.lidl.com.mt/p/sesame-bread/p10034907,"Ingredients: 46.4% re-milled durum wheat semolina, 11.8% soft wheat flour type 00, water, salt, brewer's yeast, malted wheat flour, 7% sesame . May contain traces of: eggs, peanuts, soy, milk, nuts, celery, mustard, sulphites, lupin."
Sesame bread,Lidl Quality Selection,Flour & Grains,€1.99,Per Item,https://www.lidl.com.mt/assets/gcp5b441c6c400d498e96a4754696a5529f.png,https://www.lidl.com.mt/p/sesame-bread/p66000039,"Ingredients: 46.4% re-milled durum wheat semolina, 11.8% soft wheat flour type 00, water, salt, brewer's yeast, malted wheat flour, 7% sesame . May contain traces of: eggs, peanuts, soy, milk, nuts, celery, mustard, sulphites, lupi n."
Small White Roll,Lidl Quality Selection,Flour & Grains,€1.99,Per Item,https://www.lidl.com.mt/assets/gcpc9a1a4ff05f145a89a6a887f440ad74d.png,https://www.lidl.com.mt/p/small-white-roll/p66000040,"Ingredients: wheat flour, water, sourdough (water, wheat flour, rye flour), yeast, salt, wheat gluten. May contain traces of: milk, eggs, nuts, peanuts, sesame seeds, sulphites, lupin, celery, mustard, soy."
Small white roll,Lidl Quality Selection,Flour & Grains,€1.99,Per Item,https://imgproxy-retcat.assets.schwarz/s5jq5A00ukqLfwaBve0_SO622vILaFtlmLwljWwup2c/sm:1/w:1278/h:959/cz/M6Ly9wcm9kLWNhd/GFsb2ctbWVkaWEvbXQvMS85ODA2NTJBQkJFNThCQjEzQzIxMzkzMUF/CQjA5RjkwMjQwRTJFRERFQkM2QUNCQzhDN0U2QjcxRDA3QTBBQzk1LmpwZw.jpg,https://www.lidl.com.mt/p/small-white-roll/p10034863,"Ingredients: wheat flour, water, sourdough (water, wheat flour, rye flour), yeast, salt, wheat gluten. May contain traces of: milk, eggs, nuts, peanuts, sesame seeds, sulphites, lupin, celery, mustard, soy."
Soft Bread,3 Leaves / Alibaba,Flour & Grains,€1.99,Per Item,https://www.lidl.com.mt/assets/gcpbfd23c7ae0c84c0e9126ba6011b0fab2.png,https://www.lidl.com.mt/p/soft-bread/p66000041,"Ingredients: wheat flour, water, 13% sourdough (wheat flour, water), malted wheat flour, 2,6% sugar, sunflower seed oil, glaze (water, sunflower oil, vegetable protein, dextrose, maltodextrin, starch), 2% dextrose, 1,3% milk powder, salt, emulsifier: sodium stearoyl-2-lactylate. May contain traces of: eggs, peanuts, soy, nuts, celery, mustard, sesame seeds, sulphites, lupins."
Soft bread,3 Leaves / Alibaba,Flour & Grains,€1.99,Per Item,https://imgproxy-retcat.assets.schwarz/R1PixaFdLEhjTIsbTyDua3T5rKs-8GvJ9bOWYNRTneQ/sm:1/w:1278/h:959/cz/M6Ly9wcm9kLWNhd/GFsb2ctbWVkaWEvbXQvMS8yQjYxQjQ3NjBEQ0Q3NzkxQjgwMURGQUZ/CQTg1RTMzQzk5ODI2Qjk4MTJGMjYyNDk3MTc4NjhCQkE4QzQ0QkMyLmpwZw.jpg,https://www.lidl.com.mt/p/soft-bread/p10034955,"Ingredients: wheat flour, water, 13% sourdough ( wheat flour, water), malted wheat flour, 2,6% sugar, sunflower seed oil, glaze (water, sunflower oil, vegetable protein, dextrose, maltodextrin, starch), 2% dextrose, 1,3% milk powder, salt, emulsifier: sodium stearoyl-2-lactylate. May contain traces of: eggs, peanuts, soy, nuts, celery, mustard, sesame seeds, sulphites, lupins."
Thermal Windscreen Protector,Aashirvaad / Patanjali,Flour & Grains,€3.99,Per Item,https://www.lidl.com.mt/assets/gcpac02f447b7aa41a19517b597b341e552.png,https://www.lidl.com.mt/p/ultimate-speed-thermal-windscreen-protector/p11097434,"Temperature-resistant from -50°C to +70°C, Secure to attach with wide flaps Size (without flaps): top 118cm, bottom 145cm, height 99cm"
Wholemeal Oat Flakes,Lidl Quality Selection,Flour & Grains,€1.99,Per Item,https://www.lidl.com.mt/assets/gcpb1fcf67a29dd4c80b30bfa45539bc21b.png,https://www.lidl.com.mt/p/crownfield-wholemeal-oat-flakes/p11006273,High in fibre 100% whole grain oats
Cheeseburger with Ketchup,Lidl Quality Selection,Pickles & Condiments,€6.84,Per Item,https://www.lidl.com.mt/assets/gcp5e6e320d15cd437c836f7a2cfc247e37.png,https://www.lidl.com.mt/p/chef-select-cheeseburger-with-ketchup/p11002242,Turkey and chicken or pork with Gouda cheese
Garlic Sauces,Lidl Quality Selection,Pickles & Condiments,€1.99,225ml jar,https://www.lidl.com.mt/assets/gcp494a2fb34e764f8fa551e6ead9a91f56.png,https://www.lidl.com.mt/p/sol-mar-garlic-sauces/p11139221,
Legume Based Snack,Lidl Quality Selection,Pickles & Condiments,€1.49,100g pack,https://www.lidl.com.mt/assets/gcp783b0d927a6f4eb9ba7a299d2f1394a4.png,https://www.lidl.com.mt/p/legume-based-snack/p11149648,Veggie straws or salt and vinegar
Andalusian Style Paella,Alibaba / TRS,Rice & Pulses,€2.99,500g pack,https://www.lidl.com.mt/assets/gcp55ff3f302a254f40ab6428d99a14caba.png,https://www.lidl.com.mt/p/sol-mar-andalusian-style-paella/p11005814,"With vegetables, mussel meat and shrimps"
Brown Rice Bar with Chocolate,Alibaba / Daawat,Rice & Pulses,€1.99,500g,https://www.lidl.com.mt/assets/gcp6d7d9f7bf9f44a269373e9b31dec458d.png,https://www.lidl.com.mt/p/brown-rice-bar-with-chocolate/p11150456,
Chickpeas,Alibaba / TRS,Rice & Pulses,€4.77,1 piece,https://www.lidl.com.mt/assets/gcpbdf5b2e0a4094584bef515f9075da92b.png,https://www.lidl.com.mt/p/campo-largo-chickpeas/p11140731,1 piece not in promo = € 1.59
Chickpeas,Alibaba / TRS,Rice & Pulses,€1.65,1 piece,https://www.lidl.com.mt/assets/gcpa381a73a9b5a4777a13c8a120c0a0a78.png,https://www.lidl.com.mt/p/campo-largo-chickpeas/p11083061,Easy-open 1 piece not in promo = € 0.55
Cooked Chickpeas,Alibaba / TRS,Rice & Pulses,€1.49,400g (drained) jar,https://www.lidl.com.mt/assets/gcp0666716c5d2a4baf8b48614a2cd9e6be.png,https://www.lidl.com.mt/p/sol-mar-cooked-chickpeas/p11139788,
Magdalenas,Alibaba / TRS,Rice & Pulses,€3.19,615g pack,https://www.lidl.com.mt/assets/gcpf561c5aedd1f4be58ba0bfb81cf09384.png,https://www.lidl.com.mt/p/sol-mar-magdalenas/p11137224,Soft and traditional round Spanish sponge cakes With eggs from barn-raised hens
Pistachios,Alibaba / Daawat,Rice & Pulses,€1.99,500g,https://www.lidl.com.mt/assets/gcp1dac5453cddf4aeea5818d2fc2f6f58a.png,https://www.lidl.com.mt/p/alesto-pistachios/p11004957,Lowest price in the last 30 days = € 6.79
Calluna vulgaris,Lidl Quality Selection,Beverages,€2.49,Per Item,https://www.lidl.com.mt/assets/gcpf51432616f5848108f76490a2166b005.png,https://www.lidl.com.mt/p/calluna-vulgaris/p11150225,Pot Ø 12cm Height 27-33cm Water abundantly Well lit area Outdoor plant
Chrysanthemums,Lidl Quality Selection,Beverages,€2.49,Per Item,https://www.lidl.com.mt/assets/gcp5ed8973da5ba470891a56e7244d6c66c.png,https://www.lidl.com.mt/p/chrysanthemums/p11119625,"Yellow, red, white, pink, bronze Pot Ø 12cm Height 28-33cm Water regularly Well lit area Indoor/outdoor plant"
Chrysanthemums,Lidl Quality Selection,Beverages,€1.99,Per Item,https://www.lidl.com.mt/assets/gcpcfd544afc736471c8e5e2649a61d7f4f.png,https://www.lidl.com.mt/p/chrysanthemums/p11003644,Pot Ø 14 6cm Height 30cm Water regularly Well lit area Outdoor/ indoor plant
Chrysanthemums Multiflora,Lidl Quality Selection,Beverages,€2.49,Per Item,https://www.lidl.com.mt/assets/gcp7c13f487621141529e3e73812f9056c3.png,https://www.lidl.com.mt/p/chrysanthemums-multiflora/p11041106,"Yellow, white, lilac, red, orange Pot Ø 13cm Height 25-30cm Water regularly Well lit area Outdoor plant"
"Coffee maker ""Bialetti"", 3 cups",Lidl Quality Selection,Beverages,€19.99,130 ml,https://www.lidl.com.mt/assets/gcpe1a06fafdabd46bd8f4dc804acf88304.png,https://www.lidl.com.mt/p/coffee-maker-bialetti-3-cups/p11123565,Capacity: 130 ml Made of aluminium alloy
Conifers,Lidl Quality Selection,Beverages,€2.49,Per Item,https://www.lidl.com.mt/assets/gcpbbde8c433bcd42d1a8e16471d6ce3e0f.png,https://www.lidl.com.mt/p/conifers/p11041095,Assorted varieties Pot Ø 10.5cm Height 27-38cm Water regularly Well lit area Outdoor plant
Cyclamens,Lidl Quality Selection,Beverages,€2.99,Per Item,https://www.lidl.com.mt/assets/gcp951c09faaec64fa89f4072fca8502d5a.png,https://www.lidl.com.mt/p/cyclamens/p11119615,Pot Ø 12cm Height 25-31 cm Water regularly Well lit area Outdoor/indoor plant
Daisies,Lidl Quality Selection,Beverages,€1.99,Per Item,https://www.lidl.com.mt/assets/gcpabd00f5a1a244226892debfd88933a62.png,https://www.lidl.com.mt/p/daisies/p11001876,"Pink, yellow, purple, orange, white Pot Ø 19cm Height 26cm Water regularly Well lit area Outdoor plant"
Decaf Tea Bags,Lidl Quality Selection,Beverages,€2.99,1 piece,https://www.lidl.com.mt/assets/gcpefc7fac2d8534a55a1de060ab5604b5a.png,https://www.lidl.com.mt/p/knightsbridge-decaf-tea-bags/p11120654,"80 individual tea bags, smooth & well-rounded flavour 1 piece not in promo = € 2.99"
Dianthus Caryophyllus,Lidl Quality Selection,Beverages,€1.99,Per Item,https://www.lidl.com.mt/assets/gcp1b9873bf78e840cb835920ef9a9f9daa.png,https://www.lidl.com.mt/p/dianthus-caryophyllus/p11003648,"Peman red, pink, purple, dark pink Pot Ø 13cm Height 22cm Water regularly Well lit area Outdoor plant"
Espresso Machine,Lidl Quality Selection,Beverages,€59.00,1.6L,https://www.lidl.com.mt/assets/gcpc434b06a42b04e20898a39eeaf67365c.png,https://www.lidl.com.mt/p/silvercrest-espresso-machine/p11120103,"1400W Water tank capacity: 1.6L Portafilter system, 2-in-1 coffee scoop and tamper Swivelling 2-in-1 high-pressure steam wand, removable drip tray with removable drip grate"
Espresso Machine,Lidl Quality Selection,Beverages,€59.00,1.6L,https://www.lidl.com.mt/assets/gcp81b4cb2d4d9d487fa1f44d1d530ead8a.png,https://www.lidl.com.mt/p/silvercrest-espresso-machine/p11110481,"1400W Water tank capacity: 1.6L Portafilter system, 2-in-1 coffee scoop and tamper Swivelling 2-in-1 high-pressure steam wand, removable drip tray with removable drip grate"
Espresso Machine,Lidl Quality Selection,Beverages,€59.00,1.6L,https://www.lidl.com.mt/assets/gcpea5e2f0a73d2462bbc75bc1c7855f654.png,https://www.lidl.com.mt/p/silvercrest-espresso-machine/p11120106,"1400W Water tank capacity: 1.6L Portafilter system, 2-in-1 coffee scoop and tamper 2-in-1 swivelling high-pressure steam wand, removable drip tray with removable drip grate"
Exotic Plants Mix,Lidl Quality Selection,Beverages,€7.99,Per Item,https://www.lidl.com.mt/assets/gcp1814b5aa728a43eaa497f032a0ed0d33.png,https://www.lidl.com.mt/p/exotic-plants-mix/p11315290,"Dendrobium , Phalaenopsis, Cambra mix, Anthurium, Guzmania, Vriesea Pot Ø 12cm Height 40-55cm Water regularly Well lit area Indoor plant"
Fruit Juice and Pulp,Lidl Quality Selection,Beverages,€1.99,Per Item,https://www.lidl.com.mt/assets/gcpc454c660b7e84fc4adfb11fd7701a769.png,https://www.lidl.com.mt/p/solevita-fruit-juice-and-pulp/p11150239,Juice and pulp
Fruit Trees,Lidl Quality Selection,Beverages,€1.99,Per Item,https://www.lidl.com.mt/assets/gcp3e0c3f804a404536a9ebf678610d18df.png,https://www.lidl.com.mt/p/fruit-trees/p11150118,"Strawberries, tomatoes Musa Tropicana Pelargonium Citrosa, coffee Pot Ø 12cm Height 28cm Water regularly Not very bright area Outdoor/ indoor plant"
Fucsie,Lidl Quality Selection,Beverages,€1.99,Per Item,https://www.lidl.com.mt/assets/gcpded895fa004949d6bf67e2e3bd0f2eef.png,https://www.lidl.com.mt/p/fucsie/p11150105,Tray of 6 seedlings 7.5 x 7.6cm Height 20cm Water sparingly Well lit area Outdoor plant
Green Plants,Lidl Quality Selection,Beverages,€9.99,Per Item,https://www.lidl.com.mt/assets/gcpc9e338a29c194c9b81f2f48e7ab5855a.png,https://www.lidl.com.mt/p/green-plants/p11004944,Assorted varieties Pot Ø 17cm Height 70-100cm Water sparingly Well lit area Indoor plant
Houseplants,Lidl Quality Selection,Beverages,€3.49,Per Item,https://www.lidl.com.mt/assets/gcp71e67c7971234c45b99c8f0961a8749d.png,https://www.lidl.com.mt/p/houseplants/p11151415,Assorted varieties Height 13-17cm Water regularly Indoor plant
Kalanchoe,Lidl Quality Selection,Beverages,€2.99,Per Item,https://www.lidl.com.mt/assets/gcp088bcda9eee744c888d6f0575c34eede.png,https://www.lidl.com.mt/p/kalanchoe/p11003054,Mixed colors Pot Ø 12cm Height 30-36cm Water abundantly Well lit area Outdoor plant
Kettle,Lidl Quality Selection,Beverages,€19.99,1.7L,https://www.lidl.com.mt/assets/gcpf0093a6ca2794f7f851fbd24b2a257e8.png,https://www.lidl.com.mt/p/silvercrest-kettle/p11120100,"2600–3100W Usable volume: 1.7L Water level indicator and removable limescale filter, 360° swivel base"
Kids' Lightweight Jacket,Lidl Quality Selection,Beverages,€9.99,Per Item,https://www.lidl.com.mt/assets/gcp5625e24e45d847a5b713b075fbc6820d.png,https://www.lidl.com.mt/p/lupilu-kids-lightweight-jacket/p11110166,Water-repellent outer fabric Sizes: 98-128
Kids' Lightweight Padded Jacket,Lidl Quality Selection,Beverages,€11.99,Per Item,https://www.lidl.com.mt/assets/gcp5af7579ad0664347923b9da45340d9ee.png,https://www.lidl.com.mt/p/esmara-kids-kids-lightweight-padded-jacket/p11120068,Water-repellent outer fabric Sizes: 134-164
Kids' Waterproof Jacket,Lidl Quality Selection,Beverages,€9.99,Per Item,https://www.lidl.com.mt/assets/gcpee18901959eb436895c1fb57c12a80ef.png,https://www.lidl.com.mt/p/lupilu-kids-waterproof-jacket/p11109775,With fleece lining and reflective decorative elements Sizes: 86-128
Kids' Waterproof Jacket,Lidl Quality Selection,Beverages,€9.99,Per Item,https://www.lidl.com.mt/assets/gcpe199c95f7ac540fa901d97de0208b909.png,https://www.lidl.com.mt/p/lupilu-kids-waterproof-jacket/p11109773,With fleece lining and reflective decorative elements Sizes: 86-128
Kids’ Water-Repellent Trousers,Lidl Quality Selection,Beverages,€8.99,Per Item,https://www.lidl.com.mt/assets/gcpa8c9bf706e5942f4b5dc9d57edf6a248.png,https://www.lidl.com.mt/p/lupilu-kids-water-repellent-trousers/p11109772,With fleece lining and reflective decorative elements Sizes: 86-128
Kids’ Water-Repellent Trousers,Lidl Quality Selection,Beverages,€8.99,Per Item,https://www.lidl.com.mt/assets/gcpeba98ddc3710468da5307845cbb8cc02.png,https://www.lidl.com.mt/p/lupilu-kids-water-repellent-trousers/p11109776,With fleece lining and refletive decorative elements Sizes: 86-128
PHALAENOPSIS,Lidl Quality Selection,Beverages,€1.99,Per Item,https://www.lidl.com.mt/assets/gcpcfdfad67ab674e33a7e6f4cd1d979d92.png,https://www.lidl.com.mt/p/phalaenopsis/p11001218,"Phalaenopsis white, pink, and purple ceramic vase Ceramic pot Ø 9cm Height 45cm Water regularly Well lit area Indoor plant"
Phalaenopsis,Lidl Quality Selection,Beverages,€10.99,Per Item,https://www.lidl.com.mt/assets/gcp4c6f872dd2c4471c9069fe44a8f576b0.png,https://www.lidl.com.mt/p/phalaenopsis-multiflora/p11003173,"White, pink, violet Pot Ø 12cm Height 42-58cm Water regularly Well lit area Indoor plant"
Premium Pils Beer,Cisk / Carlsberg,Beverages,€1.99,Per Item,https://www.lidl.com.mt/assets/gcp4e8d86fba0ca47eebf984006226ceef0.png,https://www.lidl.com.mt/p/perlenbacher-premium-pils-beer/p11029260,4.9% Vol.
Rhododendron,Lidl Quality Selection,Beverages,€6.99,Per Item,https://www.lidl.com.mt/assets/gcp19b0f1e0f8984f7f8c4671366b2f708e.png,https://www.lidl.com.mt/p/rhododendron/p11041101,"Pink, red, violet, white Pot Ø 17cm Height 33-43 cm Water regularly Well lit area Outdoor plant"
Sanseveria,Lidl Quality Selection,Beverages,€7.99,Per Item,https://www.lidl.com.mt/assets/gcp81693e8fa6124a649b66944c2fea999b.png,https://www.lidl.com.mt/p/sanseveria/p11003647,Pot Ø 15cm Height 30-36cm Water sparingly Not very bright area Indoor plant
Sansevieria Mini,Lidl Quality Selection,Beverages,€3.79,Per Item,https://www.lidl.com.mt/assets/gcpf1ca707c23304ffe9529813dcb05a768.png,https://www.lidl.com.mt/p/sansevieria-mini/p11315307,Pot Ø 6cm Height 12-16cm Water regularly Well lit area Indoor plant
Soft Drink,Lidl Quality Selection,Beverages,€2.35,4x 1.5L,https://www.lidl.com.mt/assets/gcp5c4ac5710f924e4393dfa4f6bdeb9418.png,https://www.lidl.com.mt/p/freeway-soft-drink/p11150516,1 piece not in promo = € 0.65
Spathiphyllum,Lidl Quality Selection,Beverages,€6.99,Per Item,https://www.lidl.com.mt/assets/gcp33cb6981ec4241488f143183c994929c.png,https://www.lidl.com.mt/p/spathiphyllum-13cm/p11151457,Pot Ø 13cm Height 60-65cm Water regularly Well lit area Indoor plant
Suerte Ground Coffee,Lidl Quality Selection,Beverages,€11.99,4x 250g pack,https://www.lidl.com.mt/assets/gcp24ee48248dfa4a85bbe1e88f8e43e06e.png,https://www.lidl.com.mt/p/lavazza-suerte-ground-coffee/p11142491,Multipack
Tempranillo Tinto La Mancha DO,Sant Orsola / Canti,Beverages,€1.99,0.75L bottle,https://www.lidl.com.mt/assets/gcp5a6c14ded82c445e888ea592dea24445.png,https://www.lidl.com.mt/p/libertario-tempranillo-tinto-la-mancha-do/p11008896,"Red wine 14-18°C/12,5% Vol."
World Wines Collection,Sant Orsola / Canti,Beverages,€6.19,0.75L bottle,https://www.lidl.com.mt/assets/gcp6dd1b3eca64347d8a9becdb374ddb76e.png,https://www.lidl.com.mt/p/cimarosa-world-wines-collection/p11003322,Dry white wine 8-10°C/12.5% Vol.
4 Rainbow Donuts,Britannia / Parle,Snacks,€2.99,220g pack,https://www.lidl.com.mt/assets/gcp7ddfb36545724ed982134f920f2a4eb3.png,https://www.lidl.com.mt/p/4-rainbow-donuts/p11004851,"With pink glaze and marshmallows, with purple glaze and white chocolate, with red glaze and cookie pieces and with yellow glaze and coloured sprinkles"
BBQ Flavour Corn Snack,Lidl Quality Selection,Snacks,€1.09,150g pack,https://www.lidl.com.mt/assets/gcp65e5c9722dd74b4383a7b5999bdb24f0.png,https://www.lidl.com.mt/p/sol-mar-bbq-flavour-corn-snack/p11005478,
Churros,Lidl Quality Selection,Snacks,€1.99,500g pack,https://www.lidl.com.mt/assets/gcp55ff3f302a254f40ab6428d99a14caba.png,https://www.lidl.com.mt/p/sol-mar-churros/p11037637,"Traditional Spanish fried pastry, crispy outside and soft inside"
Classic Potato Crisps,Amica / Lays,Snacks,€1.99,Per Item,https://www.lidl.com.mt/assets/gcp7f8e2fd09f874c33b92429495655a198.png,https://www.lidl.com.mt/p/snack-day-classic-potato-crisps/p11140263,Perfectly seasoned with salt
Corn Snack,Lidl Quality Selection,Snacks,€0.99,170g pack,https://www.lidl.com.mt/assets/gcpc2252b3fe6684555b7d61003bcd7c5b8.png,https://www.lidl.com.mt/p/snack-day-corn-snack/p11000318,
Crinkle Cut Crisps,Amica / Lays,Snacks,€0.85,200g pack,https://www.lidl.com.mt/assets/gcp82167109ca164901a72949e805a25f8c.png,https://www.lidl.com.mt/p/snack-day-crinkle-cut-crisps/p11140268,Extra crunchy crinkle-cut texture
Crispy Chicken Burger XXL,Lidl Quality Selection,Snacks,€4.49,560g pack,https://www.lidl.com.mt/assets/gcpeb901038fc6049238870807edbe2d145.png,https://www.lidl.com.mt/p/crispy-chicken-burger-xxl/p11145772,
Crispy Chicken Cutlet,Lidl Quality Selection,Snacks,€1.99,220g pack,https://www.lidl.com.mt/assets/gcp3f4672676e294c779cd15b200bd040e5.png,https://www.lidl.com.mt/p/crispy-chicken-cutlet/p11145773,
Crunchy Snack Mix,Lidl Quality Selection,Snacks,€1.99,300g pack,https://www.lidl.com.mt/assets/gcp74926eee2d284108a58675b7e4d3047b.png,https://www.lidl.com.mt/p/sol-mar-crunchy-snack-mix/p11137704,Mix of corn legumes fried snacks with barbecue flavour and dried sultanas
Digital Tyre Inflator,Lidl Quality Selection,Snacks,€17.99,Per Item,https://www.lidl.com.mt/assets/gcp8bb92d5370fb486baea485985be2c784.png,https://www.lidl.com.mt/p/parkside-digital-tyre-inflator/p11110451,Max. pressure: 10 bar Includes: compressed air spiral hose (10m) and 3 adaptor nozzles
Dried Fruits and Nuts Mix,Lidl Quality Selection,Snacks,€1.99,Per Item,https://www.lidl.com.mt/assets/gcp7e7650a13b324dea932555a04fcc81be.png,https://www.lidl.com.mt/p/alesto-dried-fruits-and-nuts-mix/p11006110,
Hummus Chips Truffle & Parmesan,Amica / Lays,Snacks,€1.09,45g pack,https://www.lidl.com.mt/assets/gcp491311b9f64f4097a34aa662cb4c9994.png,https://www.lidl.com.mt/p/hummus-chips-truffle-parmesan/p11654497,
Mini Compressor,Lidl Quality Selection,Snacks,€17.99,Per Item,https://www.lidl.com.mt/assets/gcpa31646e1c6954433868b88c3d037a1c5.png,https://www.lidl.com.mt/p/ultimate-speed-mini-compressor/p11109565,"Operation via a 12V connection (cigarette lighter) Max. air pressure: 10.3bar (150 PSI), 3 adaptors included"
Multi-Functional Workbench Set,Lidl Quality Selection,Snacks,€139.00,120kg,https://www.lidl.com.mt/assets/gcp0cad82ef070a4d869a417eda1ffacdb9.png,https://www.lidl.com.mt/p/parkside-performance-multi-functional-workbench-set/p11084758,"Dimensions: 100 x 75 x 100cm (unfolded), 100 x 75 x 10,5cm (folded) Load capacity: max. 120kg Includes: workbench, 2 horizontal pull down clamps, 2 vertical pull down clamps, 4 bench hooks, 4 knurled nuts and 2 corner connectors Aluminium frame with carry handles for transport"
Potato Crisps,Amica / Lays,Snacks,€1.79,200g pack,https://www.lidl.com.mt/assets/gcp1166e8aef33f43659c288244e8d54503.png,https://www.lidl.com.mt/p/sol-mar-potato-crisps/p11151498,
"Rivet Nut Tool With Accessories, 151 pieces",Lidl Quality Selection,Snacks,€19.99,151 pieces,https://www.lidl.com.mt/assets/gcp240283f67b2e4903a7f9174018171c93.png,https://www.lidl.com.mt/p/parkside-rivet-nut-tool-with-accessories-151-pieces/p11120172,"For installing a countersunk hole by riveting nuts (M5, M6, M8, M10, M12) in metal pipes or sheet metal"
Roasted and Salted Mixed Nuts,Lidl Quality Selection,Snacks,€1.99,Per Item,https://www.lidl.com.mt/assets/gcp0accd577d11b4dc09a021ad97ebeda98.png,https://www.lidl.com.mt/p/alesto-roasted-and-salted-mixed-nuts/p11148394,Fried or not fried
Shelled Walnuts,Lidl Quality Selection,Snacks,€3.49,275g pack,https://www.lidl.com.mt/assets/gcp6a074c06007849fd9dd2547a21fe034a.png,https://www.lidl.com.mt/p/alesto-shelled-walnuts/p11525974,In a jar
Shelled and Peeled Almonds,Lidl Quality Selection,Snacks,€0.95,100g pack,https://www.lidl.com.mt/assets/gcp9690e8dd2d1e43ea82a0e495df6387a1.png,https://www.lidl.com.mt/p/alesto-shelled-and-peeled-almonds/p11028302,
The Smurfs Biscuits,Britannia / Parle,Snacks,€2.69,350g pack,https://www.lidl.com.mt/assets/gcpf77b2302bcd044faa2154e0f467fc211.png,https://www.lidl.com.mt/p/delser-the-smurfs-biscuits/p11040724,
100% Peanut Butter,Lidl Quality Selection,Dairy & Eggs,€2.49,350g jar,https://www.lidl.com.mt/assets/gcp88ccb47573ae4fbc81958ca486a1e1fc.png,https://www.lidl.com.mt/p/100-peanut-butter/p11146562,Creamy spread made solely from finely ground roasted peanuts
British Mild Grated Cheddar,Biraghi / Benna,Dairy & Eggs,€1.99,Per Item,https://www.lidl.com.mt/assets/gcp97638ae1933e4597a4494616ca36f197.png,https://www.lidl.com.mt/p/simply-british-mild-grated-cheddar/p11120789,Family pack -20%
Butter XXL,Lidl Quality Selection,Dairy & Eggs,€5.99,1kg pack,https://www.lidl.com.mt/assets/gcpbcd4619c0f9f4fb8b3df69716fcc1a21.png,https://www.lidl.com.mt/p/milbona-butter-xxl/p11525865,New -14% Compared to the Basic Format Basic format 500g at € 3.49
Butternut Pumpkin,Lidl Quality Selection,Dairy & Eggs,€1.99,Per Item,https://www.lidl.com.mt/assets/gcp6f7181981d6548bd9e9e4526f6db25a5.png,https://www.lidl.com.mt/p/butternut-pumpkin/p11151149,
Chicken and Turkey Sausages with Cheese,Lidl Quality Selection,Dairy & Eggs,€0.99,1 piece,https://www.lidl.com.mt/assets/gcp97638ae1933e4597a4494616ca36f197.png,https://www.lidl.com.mt/p/salumeo-chicken-and-turkey-sausages-with-cheese/p11140176,Delicious combination of chicken and turkey meat filled with melted cheese 1 piece not in promo = € 0.99
Crepes,Biraghi / Benna,Dairy & Eggs,€3.75,4x 250g,https://www.lidl.com.mt/assets/gcpe37b2fb934a84c6d8305f43f50ebd30f.png,https://www.lidl.com.mt/p/chef-select-crepes/p11140775,Tomato and mozzarella or ham and mozzarella 1 piece not in promo = € 1.25
Girls' Jeggings,Lidl Quality Selection,Dairy & Eggs,€5.99,Per Item,https://www.lidl.com.mt/assets/gcp7c3c9cca3aac4834ad674e2da67c727c.png,https://www.lidl.com.mt/p/lupilu-girls-jeggings/p11084817,With cotton Sizes: 98-128
"Girls' Leggings, 2 pieces",Lidl Quality Selection,Dairy & Eggs,€4.99,2 pieces,https://www.lidl.com.mt/assets/gcp6d0e13669fdb473891394d63cf47eb1f.png,https://www.lidl.com.mt/p/lupilu-girls-leggings-2-pieces/p11110125,With cotton Sizes: 98-128
Gran Merenda,Britannia / Parle,Dairy & Eggs,€2.19,500g pack,https://www.lidl.com.mt/assets/gcp6a8b6db079e440c4b649419a603e5838.png,https://www.lidl.com.mt/p/crich-gran-merenda/p11140123,Shortbread biscuit without milk and eggs
High Protein Peanut Cream,Lidl Quality Selection,Dairy & Eggs,€1.99,Per Item,https://www.lidl.com.mt/assets/gcpbeea7937919a400a8a925ae4c7f25a93.png,https://www.lidl.com.mt/p/high-protein-peanut-cream/p11135848,
Ice Cream Cones,Lidl Quality Selection,Dairy & Eggs,€1.99,Per Item,https://www.lidl.com.mt/assets/gcpefe8354e42584c2bb354990603803685.png,https://www.lidl.com.mt/p/bon-gelati-ice-cream-cones/p11041089,In different assortments
International Party Selection,Ammachies / Daily Delight,Dairy & Eggs,€14.99,1135g pack,https://www.lidl.com.mt/assets/gcp55ff3f302a254f40ab6428d99a14caba.png,https://www.lidl.com.mt/p/international-party-selection/p11149732,"Spring rolls, samosas, chicken parcels, wontons, pakoras, chicken puffs, crispy fried kathi rolls or gouda butter tandoori chicken tarts"
Lactose-free Semi-skimmed Milk,Lidl Quality Selection,Dairy & Eggs,€5.79,6x 1L pack,https://www.lidl.com.mt/assets/gcpdf57014adce1499ebe0e501b8aff5fcb.png,https://www.lidl.com.mt/p/latteria-lactose-free-semi-skimmed-milk/p11148157,UHT Milk -11% Compared to the Basic Format Basic format 1L at € 1.09
Lactose-free Vanilla Yogurt with Raspberry Preparation,Lidl Quality Selection,Dairy & Eggs,€0.89,150g pack,https://www.lidl.com.mt/assets/gcp97638ae1933e4597a4494616ca36f197.png,https://www.lidl.com.mt/p/latteria-lactose-free-vanilla-yogurt-with-raspberry-preparation/p11144051,With raspberry preparation
Lasagna,Biraghi / Benna,Dairy & Eggs,€5.98,1 piece,https://www.lidl.com.mt/assets/gcp97638ae1933e4597a4494616ca36f197.png,https://www.lidl.com.mt/p/lasagna/p11004992,Bolognese or ricotta and spinach 1 piece not in promo = € 2.99
Mozzarella,Biraghi / Benna,Dairy & Eggs,€1.99,Per Item,https://www.lidl.com.mt/assets/gcp97638ae1933e4597a4494616ca36f197.png,https://www.lidl.com.mt/p/latteria-mozzarella/p11140453,Only Italian milk Multipack
Protein Bar Coconut and Chocolate Flavour,Lidl Quality Selection,Dairy & Eggs,€1.99,Per Item,https://www.lidl.com.mt/assets/gcp1b2d93703ee64cc0995c5dc2a3ea20ad.png,https://www.lidl.com.mt/p/protein-bar-coconut-and-chocolate-flavour/p11145246,Covered in milk chocolate With 26% protein
San Sebastián Style Mini Cheesecake,Lidl Quality Selection,Dairy & Eggs,€3.99,200g pack,https://www.lidl.com.mt/assets/gcp55ff3f302a254f40ab6428d99a14caba.png,https://www.lidl.com.mt/p/sol-mar-san-sebastian-style-mini-cheesecake/p11115868,With a creamy centre and a caramelised top
Selection of Spanish Cheese & Jamón Serrano STG,Lidl Quality Selection,Dairy & Eggs,€4.99,150g pack,https://www.lidl.com.mt/assets/gcp97638ae1933e4597a4494616ca36f197.png,https://www.lidl.com.mt/p/sol-mar-selection-of-spanish-cheese-jamon-serrano-stg/p11137731,"A premium selection of traditional Spanish cheeses paired with authentic, cured Jamón Serrano"
Semi-skimmed Milk XXL,Lidl Quality Selection,Dairy & Eggs,€1.99,1L,https://www.lidl.com.mt/assets/gcp6491099db9984995bccdc0cf7047a499.png,https://www.lidl.com.mt/p/latteria-semi-skimmed-milk-xxl/p11149170,UHT Milk -22% Compared to the Basic Format Basic format 1L at € 1.29
Smoked Scamorzine Cheese,Lidl Quality Selection,Dairy & Eggs,€1.49,200g pack,https://www.lidl.com.mt/assets/gcp97638ae1933e4597a4494616ca36f197.png,https://www.lidl.com.mt/p/latteria-smoked-scamorzine-cheese/p11140021,Naturally smoked with beechwood 100% Italian milk
Turkey Cordon Bleu,Lidl Quality Selection,Dairy & Eggs,€1.99,Per Item,https://www.lidl.com.mt/assets/gcpf2eeb5a5f79e43d7bb497b45512c2ed3.png,https://www.lidl.com.mt/p/turkey-cordon-bleu/p11140219,Filled with savory ham and melted cheese
Wafers with Cocoa Cream,Britannia / Parle,Dairy & Eggs,€1.99,Per Item,https://www.lidl.com.mt/assets/gcp30fc19c97f6b4bfb91f7c51cb7446b63.png,https://www.lidl.com.mt/p/sondey-wafers-with-cocoa-cream/p11142232,
Wafers with Vanilla Flavour Cream,Britannia / Parle,Dairy & Eggs,€2.67,1 piece,https://www.lidl.com.mt/assets/gcp900fdb1797eb46da86ff8f38ed904fe7.png,https://www.lidl.com.mt/p/sondey-wafers-with-vanilla-flavour-cream/p11142234,1 piece not in promo = € 0.89
Artichoke Paté,Lidl Quality Selection,Oils & Ghee,€4.35,1 piece,https://www.lidl.com.mt/assets/gcpeec765158c86438693dcac033f7be033.png,https://www.lidl.com.mt/p/deluxe-artichoke-pate/p11139915,With sunflower seed oil 1 piece not in promo = € 1.45
Asian Style Oils,Lidl Quality Selection,Oils & Ghee,€1.99,1L,https://www.lidl.com.mt/assets/gcpa03ee5f505324b4f9217a80290c5e43b.png,https://www.lidl.com.mt/p/asian-style-oils/p11002382,
Compressor 24L,Lidl Quality Selection,Oils & Ghee,€99.00,24L,https://www.lidl.com.mt/assets/gcp1dd66872e4b345c08a604c2e03292905.png,https://www.lidl.com.mt/p/parkside-compressor-24l/p11106188,"2-cylinder oil-free motor with low-maintenance operation Theoretical intake capacity: 214L/minute, Operating pressure adjustable up to 10 bar 1500W"
Marinated Salmon Fillet,Alibaba / Italiamo,Oils & Ghee,€4.99,1L,https://www.lidl.com.mt/assets/gcp3eae8a7085a2416fb17bd5c94e1aed62.png,https://www.lidl.com.mt/p/gastronomia-di-mare-marinated-salmon-fillet/p11150751,With tomato and basil or with olive oil and basil
Oil Pump,Lidl Quality Selection,Oils & Ghee,€17.99,1L,https://www.lidl.com.mt/assets/gcp55de68cdbc89448f89b266d32913487d.png,https://www.lidl.com.mt/p/ultimate-speed-oil-pump/p11109564,"Powered by a 12V car battery Suction hose: 1.2m, discharge hose: 2m 60W"
Yellowfin Tuna in Olive Oil,3 Leaves / Rio Mare,Oils & Ghee,€7.30,3x 140g (drained),https://www.lidl.com.mt/assets/gcpe53633b9ef064a8891cf8de48a0a8989.png,https://www.lidl.com.mt/p/nixe-yellowfin-tuna-in-olive-oil/p11140257,1 piece not in promo = € 3.65
Adult Cat Pate,Lidl Quality Selection,Fresh Produce,€1.99,Per Item,https://www.lidl.com.mt/assets/gcpf9b4e7e39fa241aea476a71f41d59c92.png,https://www.lidl.com.mt/p/coshida-adult-cat-pate/p11144369,With chicken and turkey or beef and vegetables
Avocado,Lidl Quality Selection,Fresh Produce,€0.89,Per piece,https://www.lidl.com.mt/assets/gcpb2180f4d79d644d5a78b41e61e5220cb.png,https://www.lidl.com.mt/p/avocado/p11150914,
Bunch Tomatoes,Lidl Quality Selection,Fresh Produce,€2.39,Per Item,https://www.lidl.com.mt/assets/gcpa21c9f4e9c2842f4afdc770620abd19b.png,https://www.lidl.com.mt/p/bunch-tomatoes/p11151101,
Cherry Tomatoes Pachino PGI,Lidl Quality Selection,Fresh Produce,€1.29,300g pack,https://www.lidl.com.mt/assets/gcp0a45351bc1fd4d8cb11ae8b61f022642.png,https://www.lidl.com.mt/p/qualite-suisse-cherry-tomatoes-pachino-pgi/p11151084,
Chicken Salad,Lidl Quality Selection,Fresh Produce,€3.29,350g pack,https://www.lidl.com.mt/assets/gcpb358667ea147468dbbf9edaf8788676e.png,https://www.lidl.com.mt/p/chicken-salad/p11143816,-23%
Dried Fruit,Lidl Quality Selection,Fresh Produce,€1.99,Per Item,https://www.lidl.com.mt/assets/gcpfee2897878f84c79bcfab581f9bb3880.png,https://www.lidl.com.mt/p/alesto-dried-fruit/p11007355,
Fruit Spread,Lidl Quality Selection,Fresh Produce,€3.98,3x 240g,https://www.lidl.com.mt/assets/gcp8db767746ca743eca8e3f52a71fd3e28.png,https://www.lidl.com.mt/p/maribel-fruit-spread/p11007302,"With 75% fruit Raspberry, strawberry or apricot 1 piece not in promo = € 1.99"
Green Apples XXL Alto Adige PGI,Lidl Quality Selection,Fresh Produce,€1.99,2kg,https://www.lidl.com.mt/assets/gcp8bc16f01f0684a6b90eaf6ff828e2626.png,https://www.lidl.com.mt/p/green-apples-xxl-alto-adige-pgi/p11150806,Basic format 2kg at € 2.99 -20% Compared to the Basic Format
Iodì Potatoes,Lidl Quality Selection,Fresh Produce,€2.99,1.5kg pack,https://www.lidl.com.mt/assets/gcp36a34e9076a6430fa6c51e089369a927.png,https://www.lidl.com.mt/p/iodi-potatoes/p11151208,
Mango,Lidl Quality Selection,Fresh Produce,€1.99,Per Item,https://www.lidl.com.mt/assets/gcpa447c28a7d3847fe9fc221de326e70ed.png,https://www.lidl.com.mt/p/mango/p11029883,
Potato Tortillas,Lidl Quality Selection,Fresh Produce,€2.99,500g pack,https://www.lidl.com.mt/assets/gcp97638ae1933e4597a4494616ca36f197.png,https://www.lidl.com.mt/p/sol-mar-potato-tortillas/p11137350,Choose from different flavours
Protein Mix with Dried Fruit and Seeds,Lidl Quality Selection,Fresh Produce,€1.99,Per Item,https://www.lidl.com.mt/assets/gcpf0e648f05e794513a8e8b76b53b1149a.png,https://www.lidl.com.mt/p/alesto-protein-mix-with-dried-fruit-and-seeds/p11006124,
Red Apples Alto Adige PGI,Lidl Quality Selection,Fresh Produce,€2.49,2kg pack,https://www.lidl.com.mt/assets/gcpdf37f6cbec1247679176256f9ac879f5.png,https://www.lidl.com.mt/p/red-apples-alto-adige-pgi/p11150819,
Red Globe Grapes,Lidl Quality Selection,Fresh Produce,€2.99,Per kg,https://www.lidl.com.mt/assets/gcp0ef4de10002a44dfa09411f23639de49.png,https://www.lidl.com.mt/p/red-globe-grapes/p11030016,
Seafood Salad,Lidl Quality Selection,Fresh Produce,€1.99,Per Item,https://www.lidl.com.mt/assets/gcp0fce5e0fe892486ca801afaca617f553.png,https://www.lidl.com.mt/p/gastronomia-di-mare-seafood-salad/p11148538,"With surimi, squid, and mussels MSC/ASC certified -25%"
Seedless Dark Grapes,Lidl Quality Selection,Fresh Produce,€1.99,Per Item,https://www.lidl.com.mt/assets/gcp058b0ef4fcd44bdc99e5c2618a0d491b.png,https://www.lidl.com.mt/p/seedless-dark-grapes/p11030015,
Selenella Potatoes,Lidl Quality Selection,Fresh Produce,€1.99,Per Item,https://www.lidl.com.mt/assets/gcp21fab4958d2d4bc294963719f2c2b0e3.png,https://www.lidl.com.mt/p/selenella-potatoes/p11029600,
Soft Dried Fruit,Lidl Quality Selection,Fresh Produce,€10.47,4x 200g,https://www.lidl.com.mt/assets/gcp8b9a1b4e40374f0b9deb60c8b019780a.png,https://www.lidl.com.mt/p/alesto-soft-dried-fruit/p11031202,Dried and pitted 1 piece not in promo = € 3.49
Squid Rings in Batter,Lidl Quality Selection,Fresh Produce,€3.29,500g pack,https://www.lidl.com.mt/assets/gcp30a37652752a44eab269a12f912bf39a.png,https://www.lidl.com.mt/p/sol-mar-squid-rings-in-batter/p11139089,With garlic and parsley
Sweet Tango Apples,Lidl Quality Selection,Fresh Produce,€1.99,Per Item,https://www.lidl.com.mt/assets/gcpe1f0d8d01c0246ee82997dbef172999d.png,https://www.lidl.com.mt/p/sweet-tango-apples/p11150993,
White Grapes,Lidl Quality Selection,Fresh Produce,€2.95,2kg pack,https://www.lidl.com.mt/assets/gcp06ca1cb1798a47b6ba96548fddfffe71.png,https://www.lidl.com.mt/p/white-grapes/p11166144,
Wholemeal Tarts with Red Fruit Filling,Lidl Quality Selection,Fresh Produce,€1.59,240g pack,https://www.lidl.com.mt/assets/gcp86c5e56cc1fc47f0a85c79b2214a8454.png,https://www.lidl.com.mt/p/realforno-wholemeal-tarts-with-red-fruit-filling/p11525790,
"4-Way Wheel Wrench Set, 6 pieces",Lidl Quality Selection,Bakery,€14.99,6 pieces,https://www.lidl.com.mt/assets/gcpe7307de3b0154c3fbd72f64ad7682b96.png,https://www.lidl.com.mt/p/parkside-4-way-wheel-wrench-set-6-pieces/p11110432,"Includes: wheel wrench, kneeling pad, tyre pressure gauge, tyre tread depth gauge, LED inspection lamp, chalk"
"5-in-1 Screwdriver & Bit Set, 43 pieces",Lidl Quality Selection,Bakery,€14.99,43 pieces,https://www.lidl.com.mt/assets/gcpb7fc693f267c4b31999e8390cc6700a9.png,https://www.lidl.com.mt/p/parkside-5-in-1-screwdriver-bit-set-43-pieces/p11123920,"Includes: multi-functional handle, magnetic bit holder, socket adaptor, 9 sockets, 28 bits and 3 saw blades"
"Acrylic Paints, 24 pieces",Lidl Quality Selection,Bakery,€4.99,24 pieces,https://www.lidl.com.mt/assets/gcpf4b1b670f90d4448b86dc7603d32c967.png,https://www.lidl.com.mt/p/crelando-acrylic-paints-24-pieces/p11119830,18ml each one
Bit Set or Socket Set,Lidl Quality Selection,Bakery,€2.99,21 pieces,https://www.lidl.com.mt/assets/gcpd4931040f4e540edaefc64eeadd2827b.png,https://www.lidl.com.mt/p/parkside-bit-set-or-socket-set/p11109701,"Bit Set: 6, 15 or 21 pieces Socket Set: 6 pieces, magnets included"
"Canvas, 1, 2 or 3 pieces",Lidl Quality Selection,Bakery,€6.99,3 pieces,https://www.lidl.com.mt/assets/gcpc3d87b855e8c4e7ba9229c9e13e183c1.png,https://www.lidl.com.mt/p/crelando-canvas-1-2-or-3-pieces/p11115881,"Includes 8 tightening keys per frame 2 pieces, 40 x 40cm 3 pieces, 25 x 30cm 1 piece, 50 x 70cm"
Car Trim Removal Tools or Fastening Clips & Cable Ties,Lidl Quality Selection,Bakery,€9.99,14 pieces,https://www.lidl.com.mt/assets/gcpea8f4b941825417eb36a53161b546c2c.png,https://www.lidl.com.mt/p/parkside-car-trim-removal-tools-or-fastening-clips-cable-ties/p11120018,Car Trim Removal Tools: 14 pieces Fastening Clips & Cable Ties: 620x clips and 10x ties
Cat Paté,Lidl Quality Selection,Bakery,€0.87,4x 100g,https://www.lidl.com.mt/assets/gcp817b7c1f78294eecaef7392e44ae4890.png,https://www.lidl.com.mt/p/cat-pate/p11008504,Complete and balanced food for sterilised cats 1 piece not in promo = € 0.29
Chip & Dust Extractor,Lidl Quality Selection,Bakery,€79.00,54L,https://www.lidl.com.mt/assets/gcpbe72c6beca7645b1a172b3e29d3b0ba3.png,https://www.lidl.com.mt/p/parkside-chip-dust-extractor/p11109698,"1200W motor Air output: approx. 215m³/hr, pressure difference: 22kPa, collection volume: 54L, intake hose diameter: 10 cm Includes: 4 paper filters, 1 filter cartridge, 4 piece adaptor set, 2 hose clamps"
Concentrated Fabric Softener,Lidl Quality Selection,Bakery,€6.38,3x 2250ml,https://www.lidl.com.mt/assets/gcpe6affe911eba438ca1143453a4e5cd21.png,https://www.lidl.com.mt/p/doussy-concentrated-fabric-softener/p11004130,Hypoallergenic / Morning Freshness 1 piece not in promo = € 3.19 90 WL
"Extendable Ratchet or Socket Set, 19 pieces",Lidl Quality Selection,Bakery,€8.99,19 pieces,https://www.lidl.com.mt/assets/gcp116e2909c7254463bf06cd62068ad12a.png,https://www.lidl.com.mt/p/parkside-extendable-ratchet-or-socket-set-19-pieces/p11120017,"Extendable Ratchet: Extendable from 460 to 600mm, torque (min.) 512Nm Socket Set: 1⁄2"" square drive with ball lock"
"Magnetic Tray or Magnetic Tray Set, 2 pieces",Lidl Quality Selection,Bakery,€3.99,2 pieces,https://www.lidl.com.mt/assets/gcpf180e9ebbbb64e6b94955331c4097362.png,https://www.lidl.com.mt/p/parkside-magnetic-tray-or-magnetic-tray-set-2-pieces/p11116595,Double-sided magnetic effect 2 pieces set: Ø 10.8cm / 10.8 x 10.8cm / 6.5 x 15cm 1 piece: Ø 15cm / 15 x 15cm / 13.7 x 24cm
Pastéis de Nata,Lidl Quality Selection,Bakery,€3.79,360g pack,https://www.lidl.com.mt/assets/gcp90a18dc8c592491eac46e086a035a08e.png,https://www.lidl.com.mt/p/sol-mar-pasteis-de-nata/p11139831,Stuffed cakes
Pocket Hole Jig Set or Dowel Jig Set,Lidl Quality Selection,Bakery,€11.99,79 pieces,https://www.lidl.com.mt/assets/gcp0584944ab58546ec9e092478cce229cd.png,https://www.lidl.com.mt/p/parkside-pocket-hole-jig-set-or-dowel-jig-set/p11111338,56 or 79 pieces
Protein Bread,Lidl Quality Selection,Bakery,€1.99,Per Item,https://www.lidl.com.mt/assets/gcp424c41ccfec247f5967ce3f47455a3b5.png,https://www.lidl.com.mt/p/tastino-protein-bread/p11002605,
Puff Pastry,Lidl Quality Selection,Bakery,€0.99,1 piece,https://www.lidl.com.mt/assets/gcpd4fde169b0a240b1a5f358a2bce65931.png,https://www.lidl.com.mt/p/chef-select-puff-pastry/p11058115,In different assortments 1 piece not in promo = € 0.99
"Router Bit Set, 30 pieces",Lidl Quality Selection,Bakery,€27.99,30 pieces,https://www.lidl.com.mt/assets/gcpbc6acc51e222483bb9a0aa5556e49b8f.png,https://www.lidl.com.mt/p/parkside-router-bit-set-30-pieces/p11101749,"Max. rotation speed: 30,000rpm 30 router bits with a tungsten carbide tip (16 with a ball-bearing mounted spacer disc) Hex key included"
"Set of cups ""Bialetti"", 4 pieces",Lidl Quality Selection,Bakery,€19.99,4 pieces,https://www.lidl.com.mt/assets/gcp29da457a7ed54a0c846e61c903bccc99.png,https://www.lidl.com.mt/p/set-of-cups-bialetti-4-pieces/p11123566,"Capacity: 90 ml Made of porcelain, Moka design"
"Spring Clamp Set, 8 or 12 pieces",Lidl Quality Selection,Bakery,€4.99,12 pieces,https://www.lidl.com.mt/assets/gcp46f83d0ea840456aa592587069f5b4b8.png,https://www.lidl.com.mt/p/parkside-spring-clamp-set-8-or-12-pieces/p11096239,
"Teenagers' Boxers, 2 pieces ""CR7""",Lidl Quality Selection,Bakery,€9.99,2 pieces,https://www.lidl.com.mt/assets/gcpb96f713252074268b9eb32fa89e9d1d1.png,https://www.lidl.com.mt/p/teenagers-boxers-2-pieces-cr7/p11123046,With cotton Sizes: 134-164
Tissue Face Mask,Lidl Quality Selection,Bakery,€1.98,3 pieces,https://www.lidl.com.mt/assets/gcp0892cbe190b64544ae9446d530c93092.png,https://www.lidl.com.mt/p/cien-tissue-face-mask/p11003023,1 piece not in promo = € 0.99
"Tool Kit, 23 pieces",Lidl Quality Selection,Bakery,€19.99,23 pieces,https://www.lidl.com.mt/assets/gcp8691de05154c4e1babe8de1a72e7f3b4.png,https://www.lidl.com.mt/p/parkside-tool-kit-23-pieces/p11099601,Inlcudes: different accessories
"Torque Wrench Set, 5 pieces",Lidl Quality Selection,Bakery,€14.99,5 pieces,https://www.lidl.com.mt/assets/gcp08717accb0f04983aa6e8db2648833b1.png,https://www.lidl.com.mt/p/parkside-torque-wrench-set-5-pieces/p11120016,Adjustable torque: 40–210Nm
"Wall Organiser & Storage Set, 30 pieces",Lidl Quality Selection,Bakery,€14.99,30 pieces,https://www.lidl.com.mt/assets/gcp19a763a70f2b4984885c1e6fd7a28d5c.png,https://www.lidl.com.mt/p/parkside-wall-organiser-storage-set-30-pieces/p11102001,"Includes: 2 wall element (each 39.7 x 47.9 x 2.2cm), 28 storage bins (in 2 sizes), fixings and 30 labels"
Wholemeal Sandwich Bread XXL,Lidl Quality Selection,Bakery,€1.25,600g pack,https://www.lidl.com.mt/assets/gcpb4c21e0e17ea4ff488352e232ddd25f3.png,https://www.lidl.com.mt/p/certossa-wholemeal-sandwich-bread-xxl/p11082264,-16% Compared to the Basic Format Basic format 400g at € 0.99
Beef and Pork Minced Meat,Lidl Quality Selection,Meat & Seafood,€3.49,500g pack,https://www.lidl.com.mt/assets/gcpf888886425634b97b2241d820600235c.png,https://www.lidl.com.mt/p/beef-and-pork-minced-meat/p11142745,
Demolition Hammer,Lidl Quality Selection,Meat & Seafood,€79.00,50g,https://www.lidl.com.mt/assets/gcpe59bee1442c645719996deefd4f7e6d8.png,https://www.lidl.com.mt/p/parkside-demolition-hammer/p11109741,"Impact strength: 15 joules, impact rate: 3600ipm (min-¹) Includes: flat chisel, pointed chisel (each 320mm) and 50g grease 1300W"
Fish Parcels,Lidl Quality Selection,Meat & Seafood,€2.99,360/420g pack,https://www.lidl.com.mt/assets/gcp55ff3f302a254f40ab6428d99a14caba.png,https://www.lidl.com.mt/p/sol-mar-fish-parcels/p11139850,Shrimp parcels or cod croquettes
Italian Rolled Pork Sausage,Lidl Quality Selection,Meat & Seafood,€3.49,Per Item,https://www.lidl.com.mt/assets/gcp839fe44319b140f893fa1fd914fc3e7b.png,https://www.lidl.com.mt/p/italian-rolled-pork-sausage/p11140228,-22%
Jamón Serrano TSG,Lidl Quality Selection,Meat & Seafood,€4.99,240g pack,https://www.lidl.com.mt/assets/gcp1487ed76f2d04f5c8f1288bf241e1d7b.png,https://www.lidl.com.mt/p/sol-mar-jamon-serrano-tsg/p11137335,"Spanish air-dried cured ham, matured for a minimum of 11 months"
Light Raw Ham,Lidl Quality Selection,Meat & Seafood,€1.99,Per Item,https://www.lidl.com.mt/assets/gcp97638ae1933e4597a4494616ca36f197.png,https://www.lidl.com.mt/p/dal-salumiere-light-raw-ham/p11144169,Delicate flavour and reduced fat content Sliced
Pork Collar Joint,Lidl Quality Selection,Meat & Seafood,€6.99,Per kg,https://www.lidl.com.mt/assets/gcp0ba1db657cbb4120b367ae65ad5cdf56.png,https://www.lidl.com.mt/p/pork-collar-joint/p11209024,
Pork Meatballs,Lidl Quality Selection,Meat & Seafood,€1.99,Per Item,https://www.lidl.com.mt/assets/gcpf762525d34cd4e038035a53c395c5806.png,https://www.lidl.com.mt/p/pork-meatballs/p11145669,
Pork Sausage Trio,Lidl Quality Selection,Meat & Seafood,€4.99,650g pack,https://www.lidl.com.mt/assets/gcpe7812db4a8d54e6cad5f541021d5a8eb.png,https://www.lidl.com.mt/p/pork-sausage-trio/p11139886,
Premium Chicken Pie,Lidl Quality Selection,Meat & Seafood,€5.49,1500g pack,https://www.lidl.com.mt/assets/gcp589077fa291140009bfb54288ee51549.png,https://www.lidl.com.mt/p/premium-chicken-pie/p11149607,Golden-baked pastry pie filled with chicken pieces in a savoury gravy -15%
Salmon Fillet,Lidl Quality Selection,Meat & Seafood,€1.99,Per Item,https://www.lidl.com.mt/assets/gcp706ace87dc2f4730afdf9a6b912dba90.png,https://www.lidl.com.mt/p/nixe-salmon-fillet/p11133926,ASC In different assortments
Scottish Smoked Salmon,Lidl Quality Selection,Meat & Seafood,€1.99,Per Item,https://www.lidl.com.mt/assets/gcp97638ae1933e4597a4494616ca36f197.png,https://www.lidl.com.mt/p/gastronomia-di-mare-scottish-smoked-salmon/p11030927,-20%
Scottona Beef Smash Burger,Lidl Quality Selection,Meat & Seafood,€2.39,Per Item,https://www.lidl.com.mt/assets/gcpdd6133d38e234e6ba368432ac2e32885.png,https://www.lidl.com.mt/p/scottona-beef-smash-burger/p11526302,Thin shape ideal for quick and even cooking
Sliced Chicken Breast,Lidl Quality Selection,Meat & Seafood,€1.89,140g pack,https://www.lidl.com.mt/assets/gcp291c16e0e9f74b95a358778ef866098d.png,https://www.lidl.com.mt/p/idee-gustose-sliced-chicken-breast/p11140661,Gluten-free
Sliced Chicken Breast Fillet,Lidl Quality Selection,Meat & Seafood,€1.99,Per Item,https://www.lidl.com.mt/assets/gcp5f1fd51434314cc0b9875f14ade11cee.png,https://www.lidl.com.mt/p/sliced-chicken-breast-fillet/p11142758,Slice -21%
Sliced Turkey Breast,Lidl Quality Selection,Meat & Seafood,€1.89,140g pack,https://www.lidl.com.mt/assets/gcpf9ff9e6a6b0a4218be4e0537a66e83ff.png,https://www.lidl.com.mt/p/idee-gustose-sliced-turkey-breast/p11140662,Gluten-free
Spicy Chicken Skewers with Pork,Lidl Quality Selection,Meat & Seafood,€4.99,500g pack,https://www.lidl.com.mt/assets/gcp155611b0269349499730dbd2f42bb085.png,https://www.lidl.com.mt/p/spicy-chicken-skewers-with-pork/p11141960,
Spinach and Tuna Pie,3 Leaves / Rio Mare,Meat & Seafood,€3.59,500g pack,https://www.lidl.com.mt/assets/gcp03fa7112a5654895b82bdc38096b8af6.png,https://www.lidl.com.mt/p/spinach-and-tuna-pie/p11149962,A savoury pastry filled with a delicious combination of spinach and tuna
Turkey Nuggets,Lidl Quality Selection,Meat & Seafood,€2.39,430g pack,https://www.lidl.com.mt/assets/gcpe3fe9fd8513e4de9a9981ff8ced1dd5c.png,https://www.lidl.com.mt/p/turkey-nuggets/p11140218,Golden breading offers the perfect crunch in every bite
Turkey and Pork Meatballs,Lidl Quality Selection,Meat & Seafood,€2.99,360g pack,https://www.lidl.com.mt/assets/gcp78913eb3470646df923aff792e32e77e.png,https://www.lidl.com.mt/p/turkey-and-pork-meatballs/p11140186,
Tuscan-Style Pork Sausage,Lidl Quality Selection,Meat & Seafood,€1.99,Per Item,https://www.lidl.com.mt/assets/gcp673cf2c7ea604d59b2e6be37558f8eeb.png,https://www.lidl.com.mt/p/tuscan-style-pork-sausage/p11140229,-22%
Unsmoked Diced Bacon,Lidl Quality Selection,Meat & Seafood,€1.19,200g pack,https://www.lidl.com.mt/assets/gcp97638ae1933e4597a4494616ca36f197.png,https://www.lidl.com.mt/p/salumeo-unsmoked-diced-bacon/p11002127,Unsmoked
2-in-1 Pliers & Wrench,Lidl Quality Selection,Household & Living,€12.99,Per Item,https://www.lidl.com.mt/assets/gcp690621f049e44980bf6b43204b412d6a.png,https://www.lidl.com.mt/p/parkside-2-in-1-pliers-wrench/p11100381,"Adjusting scale, max. jaw width: 52mm/2"" 4 protective jaws (2x soft, 2x hard) included"
Car & Motorcycle Battery Charger,Lidl Quality Selection,Household & Living,€12.99,Per Item,https://www.lidl.com.mt/assets/gcpe17e7755c348455d8453f53537925642.png,https://www.lidl.com.mt/p/ultimate-speed-car-motorcycle-battery-charger/p11109568,"For 6V or 12V car and motorcycle batteries with 1.2-120Ah capacity Charging cable length: 2m (including clamps), power cable length: 2m (including plug)"
Cordless Impact Wrench,Lidl Quality Selection,Household & Living,€69.00,Per Item,https://www.lidl.com.mt/assets/gcp18876c89510d4e668c1a44d8fe385477.png,https://www.lidl.com.mt/p/parkside-cordless-impact-wrench/p11103149,Torque levels: 100 / 150 / 200 / 300 / max. 400Nm No-load rotation speed: 0-2300rpm (min⁻¹) Impact rate: 0-3000bpm Includes: 20V battery (4Ah) and charger and 4 socket Cell balancing: longer battery life. Increased lifespan.
Cordless Ratchet,Lidl Quality Selection,Household & Living,€69.00,Per Item,https://www.lidl.com.mt/assets/gcp70857a53033f447eb482e65ea3fa6879.png,https://www.lidl.com.mt/p/parkside-performance-cordless-ratchet/p11110448,"Max. torque: 75Nm, Max. no-load rotation speed: 230rpm Includes: square adaptor ¹⁄₂״ to ³⁄₈"", 2Ah battery and charger 5 years warranty for tool, 3 years warranty for battery"
"Impact Wheel Socket Set, Impact Wrench Adaptor or Ball Joint Socket Set",Lidl Quality Selection,Household & Living,€8.99,Per Item,https://www.lidl.com.mt/assets/gcp0e0869c2cc0b494a9de6c2165db6588a.png,https://www.lidl.com.mt/p/parkside-impact-wheel-socket-set-impact-wrench-adaptor-or-ball-joint-socket-set/p11102682,Impact wheel socket: 17/19/21mm Impact wrench adaptor: adaptor and 10 bits included Ball joint socket: Square drive: 6.3 mm / 10mm / 12.5mm
Kids' Pyjamas,Lidl Quality Selection,Household & Living,€4.99,Per Item,https://www.lidl.com.mt/assets/gcp5eee677411d7465ab4509bcd0f14cc56.png,https://www.lidl.com.mt/p/lupilu-kids-pyjamas/p11112224,With pure cotton Sizes: 98-128
"Kids' Pyjamas ""CR7""",Lidl Quality Selection,Household & Living,€11.99,Per Item,https://www.lidl.com.mt/assets/gcpa474a2afdc4a4ad3af85d86c2f28b2a8.png,https://www.lidl.com.mt/p/kids-pyjamas-cr7/p11123049,With cotton Sizes: 110-164
Workbench,Lidl Quality Selection,Household & Living,€22.99,150kg,https://www.lidl.com.mt/assets/gcpe0c2d70aabf148cbb303ef33a688f8a0.png,https://www.lidl.com.mt/p/parkside-workbench/p11104279,"MDF boards with mm/cm/inch scale and 4 bench clamps 60.5 x 79 x 63 cm (unfolded), 60.5 x 94.5 x 15.5 cm (folded), max. load capacity: 150kg"
"1 Kg Powder Fire Extinguisher ""ANAF""",Lidl Quality Selection,Groceries,€12.99,1 Kg,https://www.lidl.com.mt/assets/gcpd64fc1cdf06342fc96cb0b9ed0469480.png,https://www.lidl.com.mt/p/1-kg-powder-fire-extinguisher-anaf/p11111402,Aluminium cylinder
Air Hose 10m,Lidl Quality Selection,Groceries,€9.99,Per Item,https://www.lidl.com.mt/assets/gcp11c55b1471ee429f9edfbc89a90f8370.png,https://www.lidl.com.mt/p/parkside-air-hose-10m/p11116614,Hose Ø (outside / inside): 11.3mm / 6.3mm
Boys' Denim Joggers,Lidl Quality Selection,Groceries,€5.99,Per Item,https://www.lidl.com.mt/assets/gcp37d3345e9059497996f2d3e23e4bfb98.png,https://www.lidl.com.mt/p/lupilu-boys-denim-joggers/p11108741,With cotton Sizes: 98-128
Car Boot Bag or Non-Slip Mat,Lidl Quality Selection,Groceries,€5.99,Per Item,https://www.lidl.com.mt/assets/gcpa808244b29e44d588a118713b8b8de96.png,https://www.lidl.com.mt/p/ultimate-speed-car-boot-bag-or-non-slip-mat/p11116587,"Boot Bag: 50 x 16 x 21cm or 35 x 19 x 29cm, base with hook & loop fasteners Non-Slip Mat: 100 x 120cm, can be cut to size"
Car Boot Mat,Lidl Quality Selection,Groceries,€5.99,Per Item,https://www.lidl.com.mt/assets/gcpde0f7536efe54098b4608f0afcfd4563.png,https://www.lidl.com.mt/p/ultimate-speed-car-boot-mat/p11097436,120 x 80cm Cutting to size thanks to the cutting guides
Carmen Pears,Lidl Quality Selection,Groceries,€1.69,Per Item,https://www.lidl.com.mt/assets/gcp8cc28c97a0364b79828212419e9788e8.jpg,https://www.lidl.com.mt/p/carmen-pears/p11150832,
Chianti Superiore DOCG,Sant Orsola / Canti,Groceries,€5.79,0.75L bottle,https://imgproxy-retcat.assets.schwarz/jZlRZj_MEKI588uYijb_TM_RCj5yFYdo6Sm4H0mSQVw/sm:1/w:1278/h:959/cz/M6Ly9wcm9kLWNhd/GFsb2ctbWVkaWEvbXQvMS81REY4OEVFQjNDOUY3MDExQ0Q1NjdCRDM/xNzRGNEREM0MzMDhGM0ExQzExNjlCRjJBNDEzRUZBRUYzRDdBMEVCLmpwZw.jpg,https://www.lidl.com.mt/p/chianti-superiore-docg/p10020169,Vintage 2022 16–18 °C 13% Vol.
Choco Duo Spread,Lidl Quality Selection,Groceries,€1.99,200g jar,https://www.lidl.com.mt/assets/gcp4edfe8365d1c46b9ad1ce05a91e175a7.png,https://www.lidl.com.mt/p/mister-choc-choco-duo-spread/p11208606,"Strawberry, Orange or Caramel"
Circular Saw,Lidl Quality Selection,Groceries,€49.00,Per Item,https://www.lidl.com.mt/assets/gcpb8a0a63ac36543e3acf172f6a53ccdeb.png,https://www.lidl.com.mt/p/parkside-circular-saw/p11109697,"1350W No-load rotation speed: 2500-5500rpm, cutting angle: 0-45°, Saw blade diameter / saw blade bore: 19cm / 2cm Includes: 2 saw blades Ø 190mm x Ø 20mm, 1 parallel guide, 1 hex key (in built-in holder), 1 adaptor for external dust extraction"
Cordless Soldering Iron,Biraghi / Benna,Groceries,€9.99,10g,https://www.lidl.com.mt/assets/gcp340fba364a1a468998515df846ab5388.png,https://www.lidl.com.mt/p/parkside-cordless-soldering-iron/p11107689,"Maximum temperature: 470°C Includes: soldering tip, 10g solder, station with integrated sponge tray, sponge for cleaning the soldering tip, USB charging cable"
Croquettes with Jamón Serrano and Queso Manchego,Lidl Quality Selection,Groceries,€3.29,350g pack,https://www.lidl.com.mt/assets/gcp55ff3f302a254f40ab6428d99a14caba.png,https://www.lidl.com.mt/p/sol-mar-croquettes-with-jamon-serrano-and-queso-manchego/p11137582,
Dog Kibble,Lidl Quality Selection,Groceries,€1.99,Per Item,https://www.lidl.com.mt/assets/gcp31e35445f65e4d2a8461433b16ad6f04.png,https://www.lidl.com.mt/p/orlando-dog-kibble/p11094094,Complete dry food for adult dogs -20%
Electric Tacker,Lidl Quality Selection,Groceries,€24.99,Per Item,https://www.lidl.com.mt/assets/gcp3bda7989136142ae92c3f57f1c3f5228.png,https://www.lidl.com.mt/p/parkside-electric-tacker/p11112978,"Max. fires up to 30/min Rear loading system with level indicator Includes: 500 staples (1,5cm, 2,5cm), 500 nails (2,5cm, 3,2cm), hex key and parallel guide"
Empanadas,Lidl Quality Selection,Groceries,€4.49,450g pack,https://www.lidl.com.mt/assets/gcp97638ae1933e4597a4494616ca36f197.png,https://www.lidl.com.mt/p/sol-mar-empanadas/p11004383,
"Extension Cable, 10m",Lidl Quality Selection,Groceries,€11.99,Per Item,https://www.lidl.com.mt/assets/gcp0c5cd4892eb64da391068cea45db596c.png,https://www.lidl.com.mt/p/parkside-extension-cable-10m/p11119030,Max. load capacity: 3680W
Extra Jam,Lidl Quality Selection,Groceries,€2.89,340/360g jar,https://www.lidl.com.mt/assets/gcp2dd81415ef104671a3c63d522a983369.png,https://www.lidl.com.mt/p/extra-jam/p11145675,"White fig, strawberry or black mulberry"
Falanghina Benevento IGP,Lidl Quality Selection,Groceries,€3.99,0.75L bottle,https://imgproxy-retcat.assets.schwarz/dzAJQ498DIayCJu_gQ5j0vobednocch2btLvIiGaIfo/sm:1/w:1278/h:959/cz/M6Ly9wcm9kLWNhd/GFsb2ctbWVkaWEvbXQvMS8zOTg0NEVFQkJCRUNCRUEzNzE1RUYxOEE/yREI0ODU3RTg4MEQ0MTBBNEE5RDNCNEU1MDYzNTlBRkIwOTRFM0M0LmpwZw.jpg,https://www.lidl.com.mt/p/falanghina-benevento-igp/p10020165,Vintage 2023 10–12 °C 12.5% Vol.
Fresh Figs,Lidl Quality Selection,Groceries,€1.99,Per Item,https://www.lidl.com.mt/assets/gcp992e1be67dd742da89791a75455d0427.png,https://www.lidl.com.mt/p/fresh-figs/p11150919,
Full Car Cover,Lidl Quality Selection,Groceries,€14.99,Per Item,https://www.lidl.com.mt/assets/gcpdae632649bb847e3a5efe9dd90e13460.png,https://www.lidl.com.mt/p/ultimate-speed-full-car-cover/p11044943,"Fastening with straps at the front and rear, Weather- and temperature-resistant from -30 up to +50°C, With storage bag M: 432 x 165 x 120cm, L: 480 x 175 x 126cm, XL: 534 x 178 x 132cm, SUV: 465 x 177 x 144cm"
"Garage Dirt Trapper Mat, 76 x 150cm",Lidl Quality Selection,Groceries,€7.99,Per Item,https://www.lidl.com.mt/assets/gcp61a9e0c9bb614a2c8ba15fa8b08ec9a4.png,https://www.lidl.com.mt/p/ultimate-speed-garage-dirt-trapper-mat-76-x-150cm/p11110421,
Giant Sunflower Seeds,Lidl Quality Selection,Groceries,€0.99,130g pack,https://www.lidl.com.mt/assets/gcpc8abe010bf524b0a851ffec44da2184a.png,https://www.lidl.com.mt/p/sol-mar-giant-sunflower-seeds/p11004235,Roasted and salted
Hand Blender Set,Lidl Quality Selection,Groceries,€17.99,Per Item,https://www.lidl.com.mt/assets/gcpe304b5c73bde47e99cb895107ae82ca4.png,https://www.lidl.com.mt/p/silvercrest-hand-blender-set/p11120102,5 recipes included 600W
Headlight Restoration Kit,Lidl Quality Selection,Groceries,€9.99,Per Item,https://www.lidl.com.mt/assets/gcp9b875d93f4a94c71a14f8fde537c2ac5.png,https://www.lidl.com.mt/p/ultimate-speed-headlight-restoration-kit/p11110446,"Includes: tube of polish, tube of sealant, 4x polishing cloths, 12x sanding strips and polishing block"
Hokkaido pumpkin,Lidl Quality Selection,Groceries,€1.29,Per Item,https://www.lidl.com.mt/assets/gcp40cb5c3312da4f59a330de256b959c80.png,https://www.lidl.com.mt/p/hokkaido-pumpkin/p11029664,
Hungarian Salami,Lidl Quality Selection,Groceries,€1.99,Per Item,https://www.lidl.com.mt/assets/gcp97638ae1933e4597a4494616ca36f197.png,https://www.lidl.com.mt/p/dal-salumiere-hungarian-salami/p11143100,Sliced
Jug Blender,Lidl Quality Selection,Groceries,€34.99,1.75L,https://www.lidl.com.mt/assets/gcp4eb959d8730d49b082662eb7c52723fd.png,https://www.lidl.com.mt/p/silvercrest-jug-blender/p11112217,600 W 5 speed settings Glass Jug with a 1.75L capacity and measurements 10 recipes included
Kids' Fine Knit Jumper,Lidl Quality Selection,Groceries,€6.99,Per Item,https://www.lidl.com.mt/assets/gcpf2ace7ace21f4f2a9701db1eef05e9fb.png,https://www.lidl.com.mt/p/lupilu-kids-fine-knit-jumper/p11110115,With pure cotton Sizes: 98-128
Kids' Joggers,Lidl Quality Selection,Groceries,€4.99,Per Item,https://www.lidl.com.mt/assets/gcpa6e227f15e684a1eae17edb8e6dffb20.png,https://www.lidl.com.mt/p/lupilu-kids-joggers/p11119892,With cotton Sizes: 98-128
Kids' Long Sleeve Top,Lidl Quality Selection,Groceries,€2.99,Per Item,https://www.lidl.com.mt/assets/gcp0c518e39e5ba4eedbc3819b2333eef3e.png,https://www.lidl.com.mt/p/lupilu-kids-long-sleeve-top/p11110134,With cotton Sizes: 98-128
"Kids' Socks, 7 pairs",Lidl Quality Selection,Groceries,€3.99,Per Item,https://www.lidl.com.mt/assets/gcp9550630bb35c4543a495d5992e908aa5.png,https://www.lidl.com.mt/p/lupilu-kids-socks-7-pairs/p11110150,With cotton Sizes: 19-30
Kids' Sweatshirt,Lidl Quality Selection,Groceries,€4.99,Per Item,https://www.lidl.com.mt/assets/gcpc5e1b0510a5f48d9b05d3388cb89d29f.png,https://www.lidl.com.mt/p/lupilu-kids-sweatshirt/p11110144,With cotton Sizes: 98-128
Kids' Teddy Fleece Jacket,Lidl Quality Selection,Groceries,€9.99,Per Item,https://www.lidl.com.mt/assets/gcpbb6ac9469ce14a3b9b71fabd7350d1a8.png,https://www.lidl.com.mt/p/lupilu-kids-teddy-fleece-jacket/p11127564,Sizes: 98-128
Kids' Wellington Boots,Lidl Quality Selection,Groceries,€9.99,Per Item,https://www.lidl.com.mt/assets/gcpf56ef8f5f6dd4e4f84a7d8b42ab3e78c.png,https://www.lidl.com.mt/p/lupilu-kids-wellington-boots/p11109781,Sizes: 24-33
Konjac,Lidl Quality Selection,Groceries,€1.99,Per Item,https://www.lidl.com.mt/assets/gcpa3705dbdcd1c41aa99c13331ac30290d.png,https://www.lidl.com.mt/p/combino-konjac/p11008009,Gluten free
Large Olives with Stones,Lidl Quality Selection,Groceries,€4.99,570g (drained) jar,https://www.lidl.com.mt/assets/gcp33ad4d58f0664431be826f20d43b0f9d.png,https://www.lidl.com.mt/p/sol-mar-large-olives-with-stones/p11028920,
Men's Flannel Shirt,Lidl Quality Selection,Groceries,€1.99,Per Item,https://www.lidl.com.mt/assets/gcpf95423d0170b4236b95e6ed5ddfeae66.png,https://www.lidl.com.mt/p/esmara-men-men-s-flannel-shirt/p11100600,Sizes: M-XL
"Men's Work Socks, 2 pairs",Lidl Quality Selection,Groceries,€2.99,Per Item,https://www.lidl.com.mt/assets/gcpa2ad6bcc6e484e78ad0d1231142e7c36.png,https://www.lidl.com.mt/p/parkside-men-s-work-socks-2-pairs/p11105025,With cotton Sizes: 39-46
Men's Work Trousers,Lidl Quality Selection,Groceries,€14.99,Per Item,https://www.lidl.com.mt/assets/gcp45208c7353414381bea48722422a9377.png,https://www.lidl.com.mt/p/parkside-performance-men-s-work-trousers/p11097351,Sizes: 48-58
Mushrooms,Lidl Quality Selection,Groceries,€1.45,500g pack,https://www.lidl.com.mt/assets/gcp621d46f57e654e2b8b4891e8d925454b.png,https://www.lidl.com.mt/p/mushrooms/p11029529,
Octopus Tentacles,Lidl Quality Selection,Groceries,€1.99,Per Item,https://www.lidl.com.mt/assets/gcpedf2c9732cec433b98c0df9cb173c771.png,https://www.lidl.com.mt/p/gastronomia-di-mare-octopus-tentacles/p11138024,-20%
Orvieto Classico DOP,Lidl Quality Selection,Groceries,€3.79,0.75L bottle,https://imgproxy-retcat.assets.schwarz/i3w1nU97s3LEbwfdwSEb0iknePpfci8wWs8w6jiTHNc/sm:1/w:1278/h:959/cz/M6Ly9wcm9kLWNhd/GFsb2ctbWVkaWEvbXQvMS81RjBGMDk1QjU1RTczQjQ5QzI0MTJEQkU/yRTczNEFFRTAxOEQ0MjlDNUNGMkNBMUQ2QjVBMjlEMEQ0Q0VFMjAzLmpwZw.jpg,https://www.lidl.com.mt/p/orvieto-classico-dop/p10020163,Vintage 2023 10–12 °C 12% Vol.
Pistachio Spread XXL,Lidl Quality Selection,Groceries,€4.49,350g jar,https://www.lidl.com.mt/assets/gcp39a87b8f370643de8ee2bd34cd3f81c8.png,https://www.lidl.com.mt/p/deluxe-pistachio-spread-xxl/p11149133,45% pistachios -18% Compared to the Basic Format Basic format 190g at € 2.99
Plain Giant Pacific Squid Rings,Lidl Quality Selection,Groceries,€3.99,250g pack,https://www.lidl.com.mt/assets/gcp249c6b6207784e0996081ac0455f80dc.png,https://www.lidl.com.mt/p/plain-giant-pacific-squid-rings/p11676747,
Plums,Lidl Quality Selection,Groceries,€1.49,Per Item,https://www.lidl.com.mt/assets/gcpe5582f28b1dd4c90ad96cd52a365d471.jpg,https://www.lidl.com.mt/p/plums/p11150877,
Plums XXL,Lidl Quality Selection,Groceries,€1.99,1kg,https://www.lidl.com.mt/assets/gcpcc766a8969404059ad435dabf21d54e0.png,https://www.lidl.com.mt/p/plums-xxl/p11150871,Basic format 1kg at € 2.49 -20% Compared to the Basic Format
Porridge with No Added Sugar,Lidl Quality Selection,Groceries,€1.99,Per Item,https://www.lidl.com.mt/assets/gcp1124f63a87ed488880bde4caa56f0e22.png,https://www.lidl.com.mt/p/crownfield-porridge-with-no-added-sugar/p11135714,
Prosecco Spumante Conegliano Valdobbiadene DOCG,Sant Orsola / Canti,Groceries,€6.99,0.75L bottle,https://imgproxy-retcat.assets.schwarz/ZrtOPCf8AtkErsyDqBE9PpSSo6hnpXgRi9LuLDFFH9E/sm:1/w:1278/h:959/cz/M6Ly9wcm9kLWNhd/GFsb2ctbWVkaWEvbXQvMS85ODM1NTA5NzZFRTM4MERCMURDMkI0Qzk/yNzlCQzI0MTY4MTNBNkMwMDA2RDEzNTUwRTBFMjU5MDlCMDRCRkEwLmpwZw.jpg,https://www.lidl.com.mt/p/prosecco-spumante-conegliano-valdobbiadene-docg/p10020167,Vintage 2023 6–8 °C 11% Vol.
Pumpkin Seeds,Lidl Quality Selection,Groceries,€1.99,Per Item,https://www.lidl.com.mt/assets/gcp4ec30cc1c9ca42f4a7587fe2bd351c67.png,https://www.lidl.com.mt/p/alesto-pumpkin-seeds/p11140324,Roasted and salted
Router,Lidl Quality Selection,Groceries,€39.99,Per Item,https://www.lidl.com.mt/assets/gcpef5d235299d74736b391a722ca43ef15.png,https://www.lidl.com.mt/p/parkside-router/p11121264,"1200W 7 rotation speeds, idle speed: 11 000–30 000 rpm (min⁻¹) Includes: router set for wood, collets, parallel guide, template guide, centring pin, adaptor for external dust extraction including reducer, open-ended spanner and hex key"
Salice Salentino DOC Negroamaro Riserva,Lidl Quality Selection,Groceries,€5.49,0.75L bottle,https://imgproxy-retcat.assets.schwarz/6HnPmrHCM3GdJnPbwGmKeHqptdHaOAA4tXLnXNDGZ4Y/sm:1/w:1278/h:959/cz/M6Ly9wcm9kLWNhd/GFsb2ctbWVkaWEvbXQvMS8yMjIyMjQ0RjQwOTQ5QkRFQkFDQTVCOEN/CNEM2RjAyRTFCOUY3NkY1Q0IxRjhCQ0UxOTFGMzNCNDAyQ0Y2QTZDLmpwZw.jpg,https://www.lidl.com.mt/p/salice-salentino-doc-negroamaro-riserva/p10020166,Vintage 2021 18–20 °C 13.5% Vol.
Spanish Green Olives,Lidl Quality Selection,Groceries,€2.49,150g pack,https://www.lidl.com.mt/assets/gcp97638ae1933e4597a4494616ca36f197.png,https://www.lidl.com.mt/p/spanish-green-olives/p11005207,Pitted and marinated In different flavours
Spumante brut Millesimato,Lidl Quality Selection,Groceries,€2.99,0.75L bottle,https://imgproxy-retcat.assets.schwarz/0KCK7nyXTYg3DlYUw7iUBoRKqDzU9ATj8eAWeqsbcoA/sm:1/w:1278/h:959/cz/M6Ly9wcm9kLWNhd/GFsb2ctbWVkaWEvbXQvMS8zQzk4NkY0OThFMDdBMjVEMDA1MTI1QkE/xQjhGQTBFMUQ0ODcxNDNBMkU4RDY5MjRFQjgwNTdGMEEwRUI5M0QxLmpwZw.jpg,https://www.lidl.com.mt/p/spumante-brut-millesimato/p10020168,Vintage 2023 10–12 °C 11% Vol.
Sushi Box,Lidl Quality Selection,Groceries,€3.19,190/200g pack,https://www.lidl.com.mt/assets/gcp27d86916f8ad411e8c27772d7e0cf763.png,https://www.lidl.com.mt/p/select-go-sushi-box/p11008381,
Vegan Porridge,Lidl Quality Selection,Groceries,€1.99,Per Item,https://www.lidl.com.mt/assets/gcp3d202325c22d482e89568cfd3d837924.png,https://www.lidl.com.mt/p/crownfield-vegan-porridge/p11007974,
Vermentino di Sardegna DOC,Lidl Quality Selection,Groceries,€4.99,0.75L bottle,https://imgproxy-retcat.assets.schwarz/lEjK5aE4lCaNqkSaG11q2QQZ_ygt-1eB09KDeUyCYuc/sm:1/w:1278/h:959/cz/M6Ly9wcm9kLWNhd/GFsb2ctbWVkaWEvbXQvMS8yRkI0OEQ4OUQ2QURFOTRBQTFENzNCRTU/yMzM1MjQ5NTcwQUYwOUZCRENBMkEwQTk2N0NDMEEzMjQ5MDMwOEE4LmpwZw.jpg,https://www.lidl.com.mt/p/vermentino-di-sardegna-doc/p10020164,Vintage 2023 10–12 °C 13% Vol.
Wall Scanner,Lidl Quality Selection,Groceries,€29.99,Per Item,https://www.lidl.com.mt/assets/gcp24c672362ea94db49d54b6b37467c46d.png,https://www.lidl.com.mt/p/parkside-wall-scanner/p11110882,"4 adjustable tracking modes Automatic calibration when switched on, display via an intensity graph with an acoustic signal Batteries inlcuded Max. detection depth: metal 70mm / power cables 50mm / wooden beams 25mm"
